CELL_ID,X,Y
13,900.5252469999996,1482.0205497700001
342,342.4604949999998,1768.60354677
418,802.7667499999998,930.9540477700001
654,298.62649699999974,1619.68730177
710,1022.3509989999998,1248.11430077
751,1060.434498,1179.94179577
1021,1019.8554999999997,1788.5132957700002
1216,376.47524399999975,1184.39029577
1291,858.6984979999997,573.97432677
1351,721.2487459999998,949.8872970699999
1568,763.5637449999999,246.70383107
1584,1555.209245,1286.0892987700001
1631,1046.9262489999996,1621.47755177
1660,183.95631899999944,1583.95629577
1671,1209.4394999999995,1123.3590477700002
1906,567.9436759999999,947.22904717
2083,700.4709969999999,902.58129867
2118,1072.532248,1547.17479677
2158,230.05449899999985,1467.6985497700002
2757,1030.7054989999997,1206.4646197700001
2793,73.83424799999966,1612.7975517700002
2879,276.60099799999944,1442.79780077
3169,630.1087489999995,1847.5175507699998
3305,446.5464989999996,559.7608272699999
3446,1172.135244,1551.02654677
3540,1159.1694949999996,1756.45154677
3565,206.07600000000002,1815.07605177
3637,513.9249959999997,1837.91530077
3732,516.6374959999998,575.11357677
3784,196.25675,1082.0205497700001
3848,620.4522489999999,1440.46505077
3857,879.3677479999997,478.06032997
3947,591.8624999999997,1502.5270487700002
4103,830.2172489999998,1154.55279677
4149,306.4927469999998,1233.6295507700002
4152,1307.5234969999992,918.63929817
4190,295.7512469999997,1081.3152997700001
4255,1028.8067489999999,1335.72804777
4276,852.9479979999996,1521.8400477700002
4295,452.7852479999997,1159.05554677
4498,1214.2677499999995,1183.90204577
4579,302.4239969999999,1398.26397677
4587,926.9449959999997,350.75532757
4642,817.0887499999999,608.6346506699999
4723,268.6262479999996,660.1035500699999
4754,458.48149799999965,1719.39879777
4784,355.8059949999997,803.2150452699999
4790,1161.8819949999997,1229.1810507700002
4940,929.4947459999994,1346.46954677
5242,506.2757469999997,1463.3042997700002
5354,399.40324999999984,1663.4127997700002
5437,616.43775,203.52083246999996
5460,1291.0314969999995,1491.8940487700002
5471,1005.6419999999994,1317.0117977700002
5786,490.2177469999997,1546.68654677
5990,383.46806899999956,1761.00854677
6056,999.4032499999994,689.8325490699999
6124,870.0909979999997,267.10183037
6268,296.0767469999996,829.1810511699999
6310,556.294245,465.04033046999996
6385,1020.3979989999998,1183.30529577
6407,753.0392449999999,384.77007647
6484,1567.7409949999997,1340.1222977700002
6521,536.7099959999996,620.17555147
6583,761.0682449999999,1709.85079877
6606,820.6149989999999,678.1687994700001
6823,404.3399999999997,675.1307995699999
6951,266.61899799999946,778.91104607
7013,1357.0537449999997,1390.30354577
7081,266.72749799999974,2052.40005077
7240,1344.847495,814.53355167
7301,407.8119999999999,1486.7402987700002
7436,1197.5044999999996,941.47854737
7449,797.2332499999998,1924.0100477700003
7495,901.2304969999996,1993.7212957700003
7510,654.6297479999994,1787.3197957700002
7519,206.72699999999986,1552.92529677
7540,140.07349499999964,1657.98779977
7561,75.40749799999958,1401.13380177
7574,1176.041244,1788.2420457700002
7655,531.5562459999996,297.53607937000004
7664,1166.276245,1721.0262977700002
7705,354.17849499999966,1012.9203699699999
7715,721.1944959999996,1061.73104977
7723,551.3574949999997,931.3337976699999
7746,85.17249699999957,1251.3150507700002
7962,418.8789999999999,1673.34054977
8004,480.344247,375.22207677
8038,993.8697499999994,1722.1112977700002
8193,468.89749799999936,432.38183157000003
8658,956.9452449999999,782.5457959700001
8801,843.1829989999997,591.7683261699999
8828,377.7718189999996,913.53979827
8968,781.7863189999998,553.73907747
9212,1155.751745,810.3163700699998
9223,865.0999979999997,411.40140057
9465,656.1487479999996,1304.10029877
9470,843.7797489999998,1402.82097677
9483,1405.9132499999996,1297.8072987700002
9543,1341.646745,1399.58029577
9853,269.2772479999994,2064.66054977
10049,1255.4977479999998,1017.30030157
10184,374.3994259999995,1024.3528012699999
10187,1209.3309999999997,846.7580505699999
10325,970.8874940000001,368.33232697
10462,770.6019259999998,451.15233087
10472,631.7904989999997,1303.3407987700002
10476,1341.9179949999998,857.60805017
10501,908.9339969999996,419.25333197
10691,820.2894989999995,249.68758096999997
10695,552.3882449999996,1578.4770457700001
10957,732.6954959999998,1044.26255077
11239,1176.1497439999998,1711.15279877
11346,946.3664949999998,366.70482707
11388,740.398995,1691.7312987700002
11456,746.9089949999998,1274.8052997700001
11593,690.163497,1653.5393007700002
11849,648.0112489999997,1382.87129577
12207,99.33174699999972,1145.71004677
12383,1107.7947469999995,1474.3712997700002
12733,501.1762469999999,986.0720458699999
12755,593.5985000000001,404.46282577000005
12757,1038.0292489999997,407.53533237000005
12787,795.7684999999997,202.00183257
13103,551.5744949999998,962.8530466699999
13273,1107.0894969999995,501.27932927000006
13291,423.4359989999998,1398.8607267700002
13342,900.850747,758.62154677
13635,918.4819959999995,1119.1817977700002
13703,706.3299969999998,1030.3203007700001
14240,1185.623751,961.3340466699999
14254,624.8464989999998,1035.74530077
14366,1273.400248,858.15055017
14436,336.1674959999996,1299.3262987700002
14760,771.8496759999998,1163.55829677
14777,437.37824899999987,1112.6175487700002
14917,141.59249499999987,1520.91779777
14953,939.8022449999999,1381.62354577
15087,1366.2219949999999,924.17279797
15177,1143.3827449999999,404.49733247
15199,269.0602479999998,1840.68205077
15257,850.2897479999997,1735.45679777
15267,973.7627440000001,493.68432947
15408,625.1177489999995,1091.3515487700001
15509,123.52724599999965,1183.08829577
15522,255.55199799999946,658.15055017
15596,994.3037499999996,1809.2313697700001
15632,630.9767489999999,1947.98854677
15739,229.8917489999999,1068.7292997700001
16002,631.7904989999997,996.0397272700001
16076,652.1884979999995,1259.4525497700001
16139,922.3879959999995,909.03704847
16227,1540.4532449999997,1470.95354977
16312,950.4352449999997,458.25908067
16412,299.0062469999998,1156.28879677
16826,634.7199989999999,775.33054627
16844,876.4924979999996,242.03833127
16854,71.66424799999959,1633.4668007700002
16938,87.7222469999997,1557.91629677
16956,1117.7224959999994,1047.51755077
16969,292.87599699999964,1346.08979677
17030,1140.2362449999996,1448.11430077
17092,679.8559969999997,1790.5205457700001
17190,804.2314999999999,1351.29779677
17227,262.11624799999936,696.39679887
17283,145.55274499999996,1383.19679577
17337,1133.2379959999998,1504.1545487700002
17395,296.67349699999977,1377.88029577
17506,332.1529959999998,1146.79504677
17514,541.809495,1312.56329877
17555,540.1277449999998,296.12557937
17749,861.0312479999998,610.7504005699999
17901,590.9944999999998,509.79657897
17911,966.2219949999999,232.76158157
17947,826.9622489999997,308.87432897
17973,323.9069959999997,1485.6552987700002
18231,886.1489969999998,120.21257097
18326,494.12374699999964,1009.93662007
18340,792.67625,1657.98779977
18429,201.08500000000004,1827.11955077
18588,360.6884949999999,996.1082955699999
18660,747.2344949999997,655.16680027
18932,881.1579969999998,597.8842271699999
18986,1229.6204989999997,956.1802968699999
19077,1126.0227459999996,652.77980037
19117,450.0727479999996,572.18407687
19229,138.7172459999997,1779.8332957700002
19444,810.90425,534.64307807
19499,727.7044959999998,815.02180157
19828,680.2357469999997,1729.2722977700003
20290,494.88324699999976,404.33458247000004
20381,535.0824959999995,1543.8112977700002
20440,577.1065009999998,1470.4652997700002
20745,477.9572479999997,1134.4260477700002
20903,913.8164959999995,599.20057597
21089,1132.6954959999998,1656.14329977
21136,415.9494999999997,849.90455047
21423,471.93549799999937,1574.13704677
21487,480.7239969999996,499.65182927000006
21615,1198.2639999999997,1033.84655077
21723,560.037495,510.17632897
21821,571.1044939999997,776.19854617
22136,1046.1124989999998,537.78957797
22323,966.818745,459.45258067000003
22515,88.37324699999999,1536.9215477700002
22682,1573.4372440000002,1595.18604577
22979,1310.7242459999998,1408.30911977
23003,952.008495,700.57404877
23028,701.0677469999996,1932.4730477700002
23046,815.8409999999999,2003.3777957700001
23081,631.4649989999998,684.08204927
23789,1002.4412499999994,1361.44254677
23820,1250.560998,1470.13979977
23836,581.0810689999998,1673.8287997700002
23947,1021.1032489999998,739.47129747
23964,862.5502479999996,1095.42029877
24111,716.0949959999998,222.50833186999998
24124,669.9282479999997,545.0048277699999
24314,861.4652479999995,149.50756997
24345,400.3254999999999,1786.8857957700002
24376,538.2832459999995,1649.7960507700002
24464,1143.925245,771.31604637
24664,708.6084969999997,1669.59729977
24708,1027.8844989999998,845.7273005699999
24710,687.3967469999998,1345.05904677
24733,565.5167449999999,1234.3348007700001
24886,645.4072489999999,1027.22805077
24912,503.5632469999996,1238.0780507700001
24916,584.7557509999997,349.12782767
24922,641.0672489999997,192.63631857
24936,200.86799999999994,1222.56255177
25199,640.1992489999998,261.73108057
25254,1166.7102449999998,1136.1077977700002
25282,240.14499899999964,1946.41529677
25284,832.3872489999999,467.4815803700001
25289,921.0317459999997,152.92531986999998
25607,351.89999499999976,1545.92704677
25822,872.8034979999998,1415.34730177
25952,617.6312499999999,749.94154707
26009,237.43249899999955,701.65904867
26049,709.3679969999998,937.84379747
26162,702.3154969999996,1253.48505077
26248,1136.0047459999996,517.98832867
26307,1083.7077469999995,1412.70336977
26587,1150.706495,476.92108007
27269,1013.3997499999996,720.9720480699999
27313,916.2034959999996,305.18532907
27332,778.5712509999998,233.41258146999996
27387,617.2514999999999,407.04708237000006
27427,1002.0614999999993,989.7610457699999
27532,932.9667459999996,337.84382797
27571,1147.5599949999996,1378.85679577
27577,742.8402449999999,1097.2647987700002
27919,991.9709999999995,1664.33504977
28304,932.2614959999996,698.51254877
28332,1471.3387480000001,1407.6980517700001
28448,521.6827459999995,880.17604947
28492,450.99499799999967,1398.65804577
28542,776.5294939999999,1937.8980477700002
28563,769.2456759999995,1652.50855077
28671,930.6339959999996,751.5690470699999
28729,502.9664969999999,1807.92936977
28888,844.9732489999997,343.3230778700001
28924,466.8902479999997,1231.73080077
28991,1363.1297449999997,1606.14454477
29178,866.1307479999996,535.13132807
29184,1035.0997489999995,654.19030027
29296,572.9889259999995,1654.6785507700001
29313,935.5707459999994,1569.68854677
29435,1437.2697489999996,1538.4405477700002
29479,938.1747459999997,439.21733127
29489,903.8344969999998,1896.5052987699999
29696,332.4242459999996,1003.30380197
29817,314.14199599999984,1615.8355517700002
29884,1102.0442469999994,1535.0770477700003
29913,490.32624699999997,300.51982927
30029,556.294245,1985.3125457700003
30057,384.2675009999998,1085.8180487700001
30145,1065.0999980000001,1520.8635477700002
30157,945.552745,1924.82379777
30317,452.0799979999997,677.4635494700001
30365,1084.5214969999993,1452.8340507700002
30521,662.2789979999998,988.4590457699999
30738,1010.9584999999997,1480.0675497700001
30754,1142.2977449999998,756.18029687
30759,641.5554989999996,1980.3215457700003
30834,288.8614969999999,622.77955137
30901,356.2399949999999,1070.0855497700002
31034,582.5512439999998,445.94433107000003
31190,367.6181759999995,1347.06629677
31204,1021.4829989999998,845.34755057
31224,541.0499949999999,737.73529747
31350,864.3947479999997,1316.4150477700002
31531,460.6514979999997,1758.73004677
31535,1370.507744,1344.78779677
31793,640.2534989999999,1010.47912007
31854,266.83599799999956,2024.62405177
31864,1307.9032469999993,1046.3783007700001
32142,814.7017499999997,967.8440464700001
32163,774.6652509999999,1331.3337977700003
32275,1230.4884989999996,1493.73854877
32606,1254.358498,882.2375493699999
32648,501.0134969999999,837.75255087
32782,556.1314949999996,474.96808007
32803,203.36349999999993,1405.92754477
32997,406.78125,804.4430519699999
33113,769.2057449999998,135.56532047
33136,1215.1357499999995,1199.90579577
33189,358.0844949999996,1296.4510487700002
33688,241.7724989999997,1526.5597977700002
33751,841.8267489999998,1285.00429877
33844,569.4626759999996,558.83857727
34092,1515.0099959999998,1310.8272987700002
34235,981.5693190000002,560.08632727
34370,226.25699899999972,1021.6945513699999
34385,651.1577479999996,1219.1448017700002
34457,1112.7314959999994,995.3344772700001
34818,844.5934989999996,379.72482657000006
34857,805.9674999999997,155.74631976999999
35078,118.80749599999945,1358.67579677
35115,1378.916494,986.0720458699999
35116,1017.0344999999998,1782.9797957700002
35183,1146.963245,465.79983046999996
35235,706.9809969999997,961.9850466699999
35412,1502.8579969999996,1218.38530177
35584,1166.8729949999997,1238.56630077
35596,292.116497,1304.80554877
35841,244.7019989999999,1357.37379677
36124,1349.3502449999996,937.95229747
36249,455.00949799999944,1728.5670477700003
36279,1254.683998,1003.86604527
36460,978.6452439999998,1923.6302977700002
36553,821.9712489999997,1169.41729677
36637,654.5212479999996,1542.8347977700003
36638,840.5247489999997,649.95880047
36738,1126.4024959999997,899.59754877
36764,887.2339969999998,899.05504877
36854,927.9214959999995,342.99757787000004
36972,576.9634939999996,1611.61836977
37237,1338.7172459999997,1459.07279977
37310,222.73074899999983,987.21129587
37446,1079.2049980000002,1747.60879677
37474,1469.168748,1487.49979877
37679,374.50792599999977,860.4833000699999
38061,1347.6142449999998,1147.98854677
38082,1002.8209999999995,768.22379647
38352,756.456995,1938.1692977700002
38923,429.1322489999998,1839.6513007699998
38960,771.8097439999997,1891.35154877
39312,486.85424699999976,1861.29704977
39339,1393.0559999999996,1257.28254977
39482,1535.2452459999995,1207.91505177
39618,315.6067459999995,1418.00555177
39620,403.47199999999975,588.24207637
39634,244.5934989999996,1246.9208007700001
39873,790.1265009999997,37.48132374
40210,883.002497,954.0645469699999
40239,911.5379959999996,1559.65229677
40478,560.037495,1470.57379977
40801,809.3852499999998,1676.54129977
40866,799.83725,964.3720465699998
40909,857.6134979999997,1976.7410457700003
40994,1128.0842459999994,1130.7370477700001
41128,875.0819979999997,931.8762976699999
41130,728.8437459999996,1002.3273020699999
41153,567.3469259999997,637.26430087
41163,646.9262489999996,1050.01305077
41296,1205.8047499999993,1169.14604677
41366,1152.3882449999996,1653.86480077
41392,1312.2974959999997,1187.37404577
41542,782.5458189999995,343.86557777
41701,721.1944959999996,169.68856927
41854,1160.6342449999997,1346.95779677
41918,715.2269959999994,786.28904587
41986,859.7292479999996,554.17307747
41998,357.704745,1106.05329877
42099,995.7142499999995,1150.70104677
42130,704.973747,879.41654947
42198,1165.2997449999998,445.83583107000004
42393,244.0509989999996,984.49879597
42428,1152.496745,979.67054607
42858,877.1977479999996,1293.6300487700003
42885,1079.7474969999994,1237.9153007700002
42982,610.6329999999998,864.87754997
43075,372.06125099999963,1128.3500477700002
43249,1284.8469969999992,895.69154887
43250,871.5557479999998,750.3212970699999
43294,872.8577479999994,1086.95729877
43313,450.5067479999998,877.78904947
43427,700.4167469999998,1419.19905177
43459,449.63874899999973,783.84779597
43602,263.52674799999977,1358.73004677
43847,1030.6512489999996,532.69007817
43877,1239.2769989999997,1076.27004977
44148,577.8803189999999,2072.25554977
44184,1542.514745,1242.79780077
44232,808.5715,1695.3117987700002
44358,997.7757499999993,1396.58222677
44656,980.8098190000001,1787.9707957700002
44721,1564.8657449999996,1492.7077987700002
44755,174.33975099999952,1157.15679677
44762,102.3154969999996,1269.1090497700002
44925,1501.3389969999994,1559.54379677
45006,855.1179979999997,922.16554797
45172,329.87449599999945,1534.37179777
45198,511.1582459999995,1046.97505077
45458,725.6429959999996,1318.9105477700002
45964,635.5337489999997,729.2722977699999
45995,71.55574799999977,1624.46130177
45997,1097.1617469999992,857.28255017
46332,939.8022449999999,61.02582296
46559,927.8129959999997,607.26405187
46779,1575.6072439999998,1323.1962977700002
47355,200.97649999999976,1872.4182997700002
47542,999.7287499999993,1692.92479877
47700,1483.8162469999993,1501.76754877
47709,410.0362500000001,1771.20754677
47740,648.8249989999999,550.26707757
47885,1458.589998,1426.6855507700002
47942,803.3092499999998,1826.6313007699998
48173,512.2974959999997,1776.7952957700002
48237,783.5622509999998,1208.68886977
48291,269.00599799999964,2129.59779777
48316,559.0609949999998,1962.09354677
48334,450.6152479999996,1750.32129677
48423,898.6807469999999,654.46155027
48477,825.3347489999996,1621.5318017700001
48562,1250.018498,1242.41805077
48631,919.0787459999997,1100.7367987700002
48657,1105.0279969999992,1427.2280507700002
48662,500.63374699999986,1301.06229877
48928,502.3154969999996,1124.11854777
49124,462.7129979999995,1014.53355167
49167,85.17249699999957,1166.21654677
49242,847.0347489999999,352.76257747
49244,1286.3659969999994,1426.6855507700002
49364,1017.5769999999993,1078.0060497700001
49381,1266.9444979999998,1179.77904577
49969,851.9172479999997,1081.36954977
50055,1328.4639959999995,1069.76004977
50480,750.1639949999999,1554.22729677
50495,1171.429994,1329.7062977700002
50910,569.1371759999997,279.19957996999995
51040,703.0207469999996,969.5800464700001
51159,1118.9159959999997,597.7358259700001
51430,1261.8992480000002,1154.98679677
51489,725.6972459999997,375.33057677
51504,173.97974399999976,1262.81604977
51542,983.5223190000002,977.39204617
51670,272.4779979999994,877.3550494699999
51700,240.3077489999996,1491.40579877
51780,255.8232479999997,1129.0552977700002
51872,819.7469999999998,1874.69679977
52004,688.535997,858.5845501699999
52054,753.961495,777.88029617
52307,242.36924899999985,1250.9353007700001
52519,1049.909998,1320.37529777
52537,467.97524799999974,1842.30955077
52702,885.6607469999999,139.63407037
52725,1045.4614989999995,686.03504927
52755,309.36799699999983,2111.74954877
52863,1355.9687449999997,1380.59279577
52908,833.2009989999997,919.7242980699999
52978,382.64000099999976,771.96704637
53073,720.1094959999996,1864.1180497700002
53121,663.5809979999995,585.63807637
53396,306.76399699999956,2082.40029977
53550,1345.6069949999996,1542.7262977700002
53644,480.07299699999976,877.95179947
54080,557.8132449999998,404.76858247
54281,1016.3834999999995,1459.23554977
54342,890.3804969999997,435.09433147
54419,1004.8824999999997,656.57730017
54478,933.8889959999997,705.5650485699999
54651,427.34199899999976,573.86582677
54654,301.0677469999996,1904.58854877
54673,991.1029999999996,511.2070788700001
54686,1093.5269969999995,1188.0250457700001
54828,1223.3817489999997,981.46079607
54918,938.8257459999995,1962.74454677
55115,569.6254259999996,409.17715067
55409,1173.382994,1475.7275497700002
55654,728.3012459999995,769.3087964700001
55747,1027.396249,1024.56980127
55856,870.7419979999995,652.12880037
55939,671.5557479999998,1969.25454677
55953,476.9807479999995,930.08604777
56021,182.27999399999953,1322.59954777
56413,561.1767449999998,258.36758067
56471,950.8692449999999,1600.15730177
56614,643.6712489999995,1796.96197677
56943,1577.994244,1250.7725507700002
57314,1359.7119949999997,1093.9555487700002
57392,1349.512995,1097.9700487700002
57440,197.12474999999995,1276.81254977
57522,658.5899979999995,182.65431886999997
57594,598.6437499999997,1640.62780077
57644,1347.0717449999997,1481.5865497700001
57752,301.0677469999996,807.9293701699999
57774,731.8274959999994,333.82932817
57944,691.8994969999999,1312.4005487700001
58267,478.06574799999953,1813.12305177
58814,759.8204949999999,1060.9172997700002
58844,950.1097449999997,1366.81329677
58923,1214.2134999999994,801.4050520699999
59108,698.8434969999998,203.54056817
59218,719.0244959999995,743.64854727
59497,755.209245,287.22857967000004
59594,655.1722479999994,331.00832827000005
59675,934.5942459999997,1596.43379577
59798,676.9264979999994,293.46732947
59814,13.942250000000058,1271.3332997700002
59943,713.2197459999998,1533.7207977700002
59958,1030.1087489999995,1244.20830077
59959,804.2314999999999,995.93122727
60153,1019.7469999999994,1171.58729677
60172,739.3139959999994,1000.9168020699998
60192,506.4927469999998,1901.00804877
60214,483.11099699999977,595.28022727
60240,275.1362479999998,2092.7620487699996
60448,736.0589959999998,1610.68180177
60663,105.24499699999978,1131.0082977700001
60791,192.62199999999984,1594.90047777
60803,429.6747489999998,1375.16779577
60807,753.7444949999999,1947.77154677
60849,1329.3862459999996,1255.92629977
60876,315.8237459999996,1908.60304877
60993,692.2249969999998,1261.83954977
61037,996.4194999999995,1458.80154977
61052,484.9012469999998,1696.23404877
61357,340.3447449999999,934.9685475699998
61466,601.5189999999998,953.7932969699999
62112,1183.4192440000002,1526.0715477700003
62210,969.1914259999999,1385.63804577
62260,547.9939949999998,1135.18554777
62417,1307.6319969999995,1462.2192997700001
62764,405.15374999999995,989.7610457699999
62798,627.6674989999997,1980.9182957700002
62846,1051.266248,1161.00854677
63016,269.6569979999995,1002.92405197
63241,679.6389979999994,463.25008047
63311,555.046495,383.84782647000003
63350,702.1527469999996,1493.5215487700002
63397,412.31475,869.32604977
63454,607.7035000000001,708.2775484699999
63673,572.6234939999995,1412.90605177
63709,387.14275099999986,1649.47055077
63748,713.4367459999994,248.00583107
63768,631.1937489999996,1651.42355077
63891,1111.1582459999995,1695.14904877
64075,1224.6837489999998,1410.5733017700002
64121,436.4559989999998,1704.3172987700002
64131,703.4547469999998,1166.54204677
64432,951.4117449999999,1818.00555177
64474,623.5987489999998,1676.7040497700002
64906,688.6444969999998,904.91404857
64949,1321.6284959999998,836.88455087
65221,218.01099999999997,882.9970493699999
65226,1336.8727459999996,1553.14229677
65575,355.37199499999997,618.16830147
65589,568.4462449999996,1784.3360457700003
65612,489.4582469999996,1535.0770477700003
65680,536.8184959999994,1045.72730077
65750,1250.398248,978.47704617
65796,1503.3462469999995,1240.08530077
65850,556.999495,1089.2357987700002
66055,1109.9104959999995,1379.61629577
66100,934.1602459999995,1878.0060497700001
66130,510.6699959999996,717.87979817
66337,857.6134979999997,1185.42104577
66431,369.47699399999965,2005.09405177
66442,511.1039959999998,668.02404987
66498,926.5109959999995,738.49479747
66505,1032.224499,922.3282979700001
66506,481.6462469999997,579.4535765699999
66588,822.7849989999995,147.12057006999999
67093,311.42949599999974,1129.5435477700003
67537,82.83974699999999,1500.1400487700002
67564,774.2509939999995,1264.2807997700002
67689,711.9719959999998,1958.94704677
68119,1193.2729999999997,1390.35779577
68197,898.6264969999997,779.45354607
68308,220.66924899999958,1347.33754677
68381,598.6979999999999,1286.1977987700002
68420,1445.3529989999997,1402.02154577
68452,743.8167449999996,835.58255087
68668,1367.0899949999998,1270.3567997700002
68750,980.267319,1181.29804577
68830,309.15099699999973,1009.07404507
68859,906.0587469999996,1018.7650514700001
68912,847.1432489999997,1491.40579877
68946,439.65674899999976,767.03029647
69063,333.2922459999995,1641.17030077
69378,134.4314959999997,1765.72829677
69423,1139.856495,1735.0770477700003
69808,912.1889959999994,698.4040487699999
69853,592.4049999999997,1918.9105477700002
69970,1289.6752469999992,1336.0535477700003
70008,865.4797479999997,1290.7547987700002
70166,976.835251,1537.0842977700001
70409,946.8547449999996,973.1605462699999
70477,348.3737449999999,2001.6960457700002
71174,900.9592469999998,483.91932977000005
71181,67.86674799999946,1311.5325487700002
71415,650.8322479999997,1364.42629677
71514,852.6767479999994,327.48207837000007
71740,373.7084939999995,1120.10404777
71906,1364.9199949999997,1376.52404577
71959,1457.884748,1505.78204877
72082,671.0132479999997,305.18532907
72155,426.09424899999976,976.95804617
72337,1069.331498,795.6200455699999
72357,926.2939959999994,893.1417989700001
72398,614.1592499999997,259.23558067
72792,420.83199899999954,646.2698005699999
72914,803.8517499999998,27.445074081
73050,266.2392479999994,1222.72530177
73153,1310.3987459999994,1579.34504577
73238,561.827745,602.56407587
73310,1473.942748,1204.2260517700001
73385,575.6560689999997,1708.27754877
73430,416.98025000000007,531.44232827
73481,869.7112479999996,1244.58805077
73529,211.39249999999993,846.5410505699999
73554,882.5684969999998,562.6360771699999
73620,690.8144969999998,1320.1582977700002
73696,676.4382479999995,1235.04005077
73847,671.5014979999996,884.8957992699999
73848,1016.2749999999996,863.19579997
73904,891.411247,284.02782977
73989,1268.6804980000002,1039.27155077
74016,800.2712499999998,1162.20204677
74028,1150.760745,1719.0732977700002
74282,450.1812479999994,1625.81755077
74341,1236.7814989999997,1027.5535507700001
74415,539.3682459999995,1247.0293007700002
74517,711.8092459999998,1926.5597977700002
74892,722.4422459999996,488.69332967
75083,385.5838189999995,1526.61404777
75463,647.9569989999995,840.6820507699999
75484,978.0430689999998,699.76029877
75485,941.0499949999999,1508.4402987700003
75523,264.0692479999998,1397.12472677
75535,1058.2102479999999,1668.89204977
75853,810.3074999999999,651.2065503700001
76115,309.63924599999973,1317.0117977700002
76116,886.2574969999996,638.18655087
76266,1168.9887449999997,1667.0475497700002
76359,835.4794989999996,1668.34954977
76484,708.0117469999996,1826.30580077
76831,551.3032449999996,901.60479867
77072,516.1492459999995,1346.03554677
77203,1037.1612489999998,1094.7692987700002
77213,957.324995,241.22458127
77738,276.7637479999994,869.92279977
77862,586.9257509999998,1083.2140497700002
78100,625.1719989999997,1786.7772957700001
78105,646.6007489999997,461.45983057
78226,975.424751,955.4750468699999
78246,1394.1952499999993,1212.20080177
78467,538.5544959999997,525.09507847
78623,1192.8932499999996,1404.78829477
78689,665.2084979999995,1379.12804577
78697,1455.443498,1448.0058007700002
79072,215.94949999999972,1445.02205077
79135,225.55174899999975,1002.94379527
79136,1567.3612449999996,1539.7967977700002
79156,937.1439959999998,1056.7942997700002
79216,898.5722469999996,1339.7967977700002
79224,689.1869969999998,1585.63804577
79258,583.6165009999995,1360.41179677
79330,506.8182469999997,536.70457807
79470,891.411247,243.55733117000003
79582,330.30849599999965,803.14105197
79685,1028.2099989999997,1522.43679777
79721,595.3344999999999,405.75940077000007
79814,604.3942499999998,1553.52204677
79829,203.8517499999998,1112.0750487700002
79972,1500.3082469999995,1493.90129877
79973,470.6877479999994,1992.47354577
80032,981.0810689999998,257.60808067
80049,712.8942459999998,333.34107817
80080,1038.0834989999998,624.08155127
80134,440.36199899999974,1200.77379577
80160,284.6842469999997,1011.7268699699999
80256,627.3419989999998,467.64433037000003
80332,401.62750000000005,534.8058280700001
80390,689.0242469999998,665.31154997
80597,280.28999699999986,753.46779697
80603,439.6024989999996,1224.62405177
80678,156.29424500000005,1289.01879877
80705,380.2727439999999,1778.7482957700001
80826,688.6987469999999,657.60805017
80869,392.2964999999999,1699.00079877
81008,103.78024699999969,1686.3605487700002
81282,1179.168001,1320.91779777
81514,309.36799699999983,1932.69004777
81533,927.7587459999995,1143.9740477700002
81546,334.37724599999956,1390.08654577
81576,1077.577498,1084.0277997700002
81647,1230.6512489999996,1561.82229677
81673,1312.1347459999997,1205.98179477
81750,415.5155,1046.05280077
81820,859.4579979999994,267.96983037
81953,714.3047459999998,1109.25404877
82075,846.2752489999998,939.36279747
82100,1077.685998,1335.9450477700002
82354,1108.5542469999996,1046.1070507700001
82393,1234.4487489999997,1538.6032977700002
82775,729.6574959999998,1765.83679677
83106,601.6275,1758.45879677
83121,409.5479999999998,1321.1890477700001
83233,608.4629999999997,891.2972990699999
83304,644.5392489999999,1900.84529877
83365,1368.8802449999998,1508.27754877
83377,803.4177500000001,855.00405027
83575,1022.8934989999998,1362.96154677
83629,499.4944969999997,1422.23705177
83649,1172.988926,1399.20054577
83666,377.23474399999986,1444.5338007700002
83936,1419.3129999999996,1203.46655177
84000,547.2344949999997,1301.0080487700002
84114,1175.0647440000002,762.03929667
84556,647.4687489999997,570.82782687
84643,137.36099599999943,1307.30104877
84777,1399.9457499999994,1275.29354977
84963,809.8734999999997,1575.65604577
85149,935.8962459999998,1619.1448017700002
85206,549.0247449999997,1364.53479677
85226,611.8807499999998,678.87404947
85288,964.485995,389.32707627
85594,700.687997,1961.00854677
85867,837.2697489999996,1049.63330077
86390,299.0062469999998,1208.9601197700001
86433,620.6692489999996,810.5333700699999
86434,1351.1404949999996,1287.5540487700002
86593,481.4292469999996,318.42232867
86728,459.8919979999996,730.24879777
86866,242.7489989999999,1503.6120487700002
86999,1084.1959969999994,1357.37379677
87320,1533.0752459999994,1250.7725507700002
87430,584.9870689999998,1017.8428014700002
87725,777.2889939999995,1644.91355077
87752,432.8212489999996,911.6952983699999
88038,1181.2295010000003,1425.9803007700002
88146,981.840569,1011.7268699699999
88227,634.1774989999999,1557.53654677
88253,1056.2029979999998,550.53832757
88263,1210.1989999999996,1557.48229677
88310,1156.4027449999999,777.12079617
88313,720.4892459999996,1262.8702997700002
88512,779.1137509999999,830.8085510699999
88580,1218.4992499999994,910.12204847
88785,468.4634979999996,701.00804877
88800,568.7031759999995,863.2500499700001
88805,672.4779979999994,1073.88304977
88838,632.2787489999996,1283.8107997700001
88943,144.03374499999973,1283.2140497700002
88973,1297.1074969999995,1537.5182977700001
89328,447.5229989999998,583.30532647
89529,872.3694979999996,1691.5685487700002
89647,795.009,1334.8600477700002
89670,266.4562479999995,925.36629787
89701,637.8122489999996,1194.58929577
89933,844.5392489999999,1355.90904677
89943,675.8414979999998,1603.14105177
90162,475.1362479999998,559.2725772699999
90450,476.60099799999944,684.1362992699999
90838,599.7287499999998,474.53408017000004
90858,214.05074999999988,1898.2955487699999
90942,361.2309949999999,1035.74530077
90965,954.7209949999997,851.26080037
90986,1074.8107479999999,1397.55872677
91238,886.1489969999998,1926.3970477700002
91242,210.25324999999975,1408.5261197700002
91315,1239.3854989999995,1196.27104577
91335,701.8272469999997,262.11083057
91421,545.8782449999999,687.98804917
91527,1177.7772439999999,1763.44979677
91652,1323.4187459999998,950.48404707
91844,1067.8124979999998,1114.08229877
91899,1230.1629989999997,1465.58279977
91906,538.2832459999995,1359.65229677
91910,465.0999979999997,616.4323015699999
92037,425.0092489999997,1172.45529677
92575,1013.6709999999994,711.04429837
92641,811.1212499999997,394.91482607000006
92690,1007.9747499999994,1746.41529677
92778,684.5214969999997,1008.02355187
92891,1115.0642459999995,895.74579887
93000,786.9257509999998,833.8465509700001
93213,1552.2797449999998,1541.26154777
93225,1111.4294959999997,1317.4457977700001
93226,404.5569999999998,1075.3477997700002
93285,258.58999799999947,960.0320467699999
93450,381.8262509999995,1511.9122987700002
93521,434.34024899999986,1748.85654677
93599,272.4237479999997,1470.2482997700001
93661,105.46199699999988,1520.7550477700001
93683,743.057245,1024.5155512699998
93880,602.7667499999998,1435.74530077
93891,509.47649699999965,294.17257947
93895,1040.1449989999996,1443.8828007700001
94074,581.9890009999999,1336.3247977700003
94126,335.51649599999973,1557.86204677
94294,815.0814999999998,645.7815505699999
94374,791.80825,275.23933007000005
94379,503.34624699999995,342.72632787000003
94555,1309.5849959999996,1231.8393007700001
94563,832.1159989999996,956.83129687
94607,714.7387459999995,1322.87079777
94618,627.7217489999998,1600.01429577
94665,1113.5452459999997,1145.92704677
94735,1004.4484999999995,1021.7488013699999
94821,1532.2072459999995,1378.4770457700001
95031,1455.2807480000001,1512.7802987700002
95062,1010.6872499999995,424.19008177
95116,1072.4779979999998,1765.67404677
95210,977.3974939999998,1492.0025487700002
95228,649.7472489999996,493.35882947
95265,1269.9824979999999,1073.1235497700002
95360,485.1182469999999,1916.79479777
95463,624.3039989999997,451.58633087000004
95558,452.5682479999996,964.9687965699999
95813,596.8534999999997,984.1190459699999
95816,436.29324899999983,2022.72530177
95896,431.41074899999967,1508.11479877
95926,667.7582479999996,1493.03329877
96092,829.6747489999998,944.29954727
96236,579.8875689999995,527.75332837
96249,22.025498999999854,1273.50329977
96322,721.6827459999995,1136.8672977700003
96575,228.80674899999985,1933.8292977700003
96601,118.3734959999997,1091.13454877
96645,1296.2937469999993,945.33029727
96934,874.3224979999995,184.87856877
97006,381.08106899999984,551.51482757
97242,901.1219969999997,863.7382999700001
97299,811.7179999999998,1984.1190457700002
97677,833.0924989999999,590.79182627
97971,279.4762479999995,1279.3622997700002
98143,819.7469999999998,1800.0685457700001
98251,887.9392469999998,623.05080137
98274,1133.2922459999995,1632.70730077
98374,346.3122449999996,897.8615488700001
98732,469.9282479999997,332.85282817
98752,374.68499399999973,1808.14636977
98773,512.4059959999995,599.79732597
98779,307.63199699999996,1165.40279677
98903,867.3242479999994,1478.33154977
99247,1005.7504999999996,1646.86655077
99295,617.84825,246.48683107
99502,1286.4744969999992,1056.84854977
99534,1169.422744,1616.8120517700002
99578,489.5124969999997,1460.48329977
99719,241.71824899999956,1180.64704577
99767,1169.0429949999998,425.76333177
99778,1158.5184949999998,1418.98205177
99835,1120.3807459999998,919.3987980699999
99866,1136.0589959999998,1165.34854677
100080,1101.9899969999992,1138.8745477700002
100098,101.77299699999958,1594.86054577
100444,711.7549959999997,1354.3357967700001
100555,568.5547449999999,1550.32129677
100563,174.8477439999997,1093.6300487700003
100679,830.7597489999998,520.15832857
100709,824.9549989999996,739.85104747
100933,620.8319989999995,363.99232717
101480,183.25649399999975,1276.92104977
101500,529.2777459999998,1124.82379777
101574,997.5044999999996,907.78929847
101599,881.754747,187.48256867
101631,412.5317500000001,1694.44379877
101694,1132.4784959999997,770.39379637
101940,637.5952489999995,942.45504737
101965,453.3819979999994,521.73157857
102010,45.51574899999969,1317.8255477700002
102079,1237.3239989999997,1396.7992267700001
102134,1023.1104989999999,455.87208077
102294,53.219247999999425,1493.73854877
102321,599.1320000000001,719.2360480699999
102330,827.1249989999997,622.77955137
102416,529.8744959999995,810.3163700699998
102502,1127.2162459999995,1706.81279877
102511,709.8562459999998,1111.5325487700002
102520,522.4964959999998,1426.9568007700002
102542,929.8744959999995,398.04700767
102589,617.4142499999998,268.29533037
102632,580.3812439999997,1521.4060477700002
102845,846.9262489999996,1007.69805187
102918,1167.9436759999999,1448.1685507700001
102951,1517.2884959999997,1209.4883017700001
102975,829.1322489999998,712.07504837
103025,549.675745,1852.12880077
103090,233.5264989999996,1409.44836977
103158,1357.0537449999997,978.63979617
103741,1065.913748,1762.63604677
103767,520.3807459999998,1000.4882270699999
103821,1289.5667469999994,1511.6952987700001
103946,443.39999899999975,1442.41805077
104244,980.8098190000001,1128.7297977700002
104250,1016.5462499999994,604.71430197
104264,409.98199999999997,1745.11329677
104463,159.92899499999976,1554.44429677
104953,577.9399939999998,1680.66429977
105226,1142.134995,887.49979917
105267,875.6244979999997,1700.68254877
105382,1143.7082449999998,576.25282677
105515,1008.5172499999994,772.72654637
105535,658.6442479999996,524.55257847
105547,130.52549599999975,1758.45879677
105611,900.3082469999999,1047.8973007700001
105619,545.0644949999996,1083.9192997700002
105732,1053.7074979999998,440.24808127
105795,399.5659999999998,921.35179807
105944,726.6737459999995,498.9465792700001
106372,1142.894495,1111.2612987700002
106617,413.8337499999998,1606.1790517700001
106704,61.736497999999756,1499.54329877
106807,1458.7527479999999,1246.3240507700002
106879,833.0382489999997,724.44404797
107057,1025.2262489999998,1596.20247677
107161,931.1764959999996,777.3377961699999
107260,1177.7229940000002,764.15504657
107297,280.344247,1258.3132997700002
107298,1181.6092509999999,973.1605462699999
107366,950.7064949999999,1609.10855177
107379,383.3995009999999,1705.94479877
107384,162.96699499999977,1253.4308007700001
107699,911.8092459999998,621.58605137
107828,408.029,897.8615488700001
107832,1001.7359999999994,1277.9517997700002
108077,841.5554989999996,1447.13780077
108136,980.2727439999999,1497.48179877
108308,473.6714979999997,541.74982787
108440,468.08374799999956,662.43629997
108517,1035.2082489999998,973.21479627
108900,382.9798189999997,697.4817988699999
108949,1510.5072459999997,1592.90754577
109345,970.8332439999999,934.6972975699998
109827,370.5476759999997,675.8902995699999
109835,889.4039969999999,1115.1672977700002
109944,941.8637449999997,619.47030147
110199,1522.4422459999996,1269.5430497700002
110221,1193.8154999999997,1356.88554677
110415,1119.2414959999996,1676.3242997700002
110543,1022.9477489999999,1293.4130487700002
110854,563.5637449999999,1413.99105177
110869,706.0587469999996,736.05354757
111143,1260.6514979999997,1513.5940487700002
111219,1257.1252479999998,960.73729677
111398,1239.710999,1211.67261977
111631,248.82499899999993,767.51854647
111700,755.9687449999997,1865.6370497700002
111897,981.2438190000003,1704.85979877
111919,914.8472459999998,1802.86980177
111926,759.3322449999996,1071.6045497700002
112167,294.34074699999974,1072.63529977
112240,324.99199599999974,1736.6502977700002
112409,508.4999969999999,785.31254587
112573,505.73324699999966,927.7532978700001
112577,675.1904979999995,1032.21905077
112620,609.6565,1779.9960457700001
112680,800.2170000000001,1196.37954577
112896,1117.5054959999998,468.18683037000005
112935,899.440247,1586.56029577
113131,962.695745,268.94633027000003
113640,1247.9569989999995,1112.8887987700002
113657,1368.8802449999998,1073.0150497700001
113728,1132.7497459999995,1126.9937977700001
113753,770.1822439999996,1669.43454977
113955,1229.4577489999997,995.65997727
114122,966.9671760000001,1210.3020517700002
114204,1371.429994,1498.8922987700003
114210,941.0499949999999,1200.44829577
114422,747.2887449999998,1103.3950487700001
114603,580.8152439999994,459.23558067
114625,1308.5542469999996,1182.05754577
114637,976.509751,854.57005027
114709,275.8414979999998,1991.0630457700001
115269,403.8517499999998,1783.4137957700002
115447,1050.6694979999997,1052.7255507700002
115655,936.9812459999998,586.83157637
116149,1290.2719969999994,919.3987980699999
116195,278.71674799999937,1491.8397987700002
116212,904.6482469999996,469.86858027000005
116228,398.4267500000001,1619.3075517700001
116292,1232.0074989999998,1525.8545477700002
116356,799.5659999999998,232.65308157
116510,933.8347459999995,1640.08530077
116666,448.0112489999997,717.87979817
117284,503.94299699999965,821.09780137
117537,476.11274799999956,730.73704777
117542,318.9159959999997,915.3300482699999
117744,1210.4159999999997,1408.63461977
117860,847.2517489999996,1787.8080457700003
117936,509.0424969999999,1470.68229977
118232,696.7819969999996,1875.94454977
118307,222.07974899999954,1404.2260517700001
118484,569.9509259999995,1109.1455487700002
118529,303.2377469999997,854.02755027
118669,700.6337469999999,1905.29379877
118821,1274.159748,967.0845464700001
118959,854.0329979999997,700.57404877
119224,959.6034949999998,1803.6835517700001
119329,835.5879989999999,165.89106947
119451,61.51949799999966,1314.24504877
119577,654.9009979999996,1510.1762987700001
119713,426.4197489999997,1744.1367977700002
119773,702.8037469999999,1626.73980077
119820,353.418995,1696.7222987700002
119849,968.8802449999998,1971.37029677
119869,292.38774699999976,1437.69830077
119907,857.9389979999996,478.71132997
120102,787.1427509999999,605.31105197
120118,1390.7774999999997,1551.56904677
120160,1491.4654969999992,1266.0710497700002
120329,831.6277489999998,1061.40554977
120446,274.43099799999936,1754.87829677
120498,816.6005,555.47507737
120701,500.7422469999997,817.1375515699999
120864,1350.5979949999996,951.46054707
120887,754.7209949999997,612.92040047
120918,350.86924499999986,1062.27354977
120921,650.0184979999995,1598.33254577
120956,286.42024699999956,1327.9702977700001
120983,319.8924959999995,1202.18429577
121010,1031.3022489999998,1315.65554777
121187,1303.8344969999994,996.9220454700001
121294,1101.1762469999994,1336.8672977700003
121425,901.7187469999999,1226.08880077
121612,860.3259979999998,1215.40155177
121617,928.4639959999995,204.33458246999996
121842,1047.034749,601.8444770699999
121870,575.9869939999999,2153.1965467699997
122062,654.7382479999997,1777.3920457700003
122117,517.5054959999998,1309.4710487700002
122185,604.5569999999998,1231.35105077
122312,754.2869949999999,1807.22411977
122566,689.8379969999996,967.95254647
122633,201.08500000000004,1202.59855177
123029,948.6449949999997,1715.0045477700003
123138,280.6697469999999,1023.8645512699999
123270,1143.6539949999997,802.54430207
123393,770.6704939999995,1038.40355077
123574,281.32074699999976,694.98629897
123706,837.5952489999995,1267.7527997700001
123712,547.9939949999998,1154.01029677
123822,303.9972469999998,1766.86754677
123891,605.8047499999998,1319.4530477700002
124025,953.581745,101.60482160000001
124184,573.6345009999995,1025.22080127
124214,1022.5137489999997,1655.4380497700001
124493,544.9559949999998,700.57404877
124560,501.6102469999996,1338.0065477700002
124649,737.6322459999997,1662.2192997700001
124784,642.0979989999996,527.75332837
124855,937.4152459999996,1320.5922977700002
124944,933.6719959999996,1780.0502957700003
125140,1436.9984989999998,1352.65404677
125185,1183.4138189999999,1286.6317987700002
125296,320.00099599999976,1593.88404577
125337,75.89574799999946,1529.4892977700001
125442,1082.5684969999993,1144.4080477700002
125497,337.84924599999977,803.6490452699999
125525,467.97524799999974,1414.37080177
125527,1259.512248,844.42530067
125582,764.106245,1617.13755177
125895,690.326247,318.31382867
125929,1371.8985010000001,1361.71379677
126011,352.4424949999998,1570.12254677
126036,122.38799599999948,1729.9775477700002
126040,252.24274799999966,1088.20504877
126204,852.0799979999997,1032.70730077
126289,775.1732439999996,1227.33655077
126536,980.8640690000002,244.37108117000002
126897,1501.2847469999992,1549.39904677
127000,278.4997479999997,2119.29029777
127062,494.9917469999996,476.27008007
127267,1049.0962489999997,398.15550767
127387,303.61749699999973,997.7357954700001
127453,565.733745,503.72057917000006
127513,322.49649599999975,2136.43329777
127568,307.3607469999997,1955.14954677
127583,903.725997,73.39482254
127755,976.6922439999998,335.61957807000005
128101,686.0947469999996,547.1748276699999
128148,233.5264989999996,1255.7092997700001
128206,681.9174969999999,1535.4025477700002
128475,1221.4287489999997,1551.18929677
128494,1065.1542479999998,1604.13729577
128555,835.0997489999995,1517.9340477700002
128654,1123.8527459999996,851.69480037
128671,230.10874899999953,803.9745452699999
128746,775.9869939999999,470.84508027000004
128793,808.3544999999999,312.45482887000003
128897,878.5539979999994,503.77482917000003
128912,1247.4144989999995,901.55054867
129073,583.7250009999998,1146.30679677
129259,1243.5627489999997,810.08505177
129883,750.218245,79.74207233
129955,844.2679989999997,1840.5735507699999
130126,1341.266995,1109.09129877
130238,1027.1249989999997,1565.78254677
130268,719.0244959999995,1596.7992267700001
130298,1482.2429969999994,1375.9815457700001
130302,578.4824939999999,1768.27804677
130390,552.171245,1999.3978017700001
130411,1032.6042489999995,1469.9770497700001
130830,952.7679949999997,823.59330137
130912,435.15399899999966,751.3520470699999
131174,238.95149899999979,1102.0930487700002
131480,1378.4824939999999,998.60379547
131633,223.59874899999977,881.7492993699999
131685,112.08049599999958,1381.13529577
131695,1021.8084989999998,1543.7027977700002
131766,863.7979979999996,1910.50179877
131878,1214.2677499999995,1066.7762997700002
131920,250.2897479999997,1218.27680177
132189,752.1169949999999,352.38282757
132431,1343.436995,1220.71805177
132647,292.4419969999999,2141.53279777
132651,646.4922489999999,1313.3227987700002
132718,804.8824999999997,637.96955087
132803,959.0067449999997,1544.78779677
132819,473.40024799999946,797.2475454700001
132827,983.8877510000002,1481.74929977
132873,219.6927499999997,1333.7750477700001
133085,930.3627459999998,1519.39879777
133253,1170.344994,739.79679747
133526,908.6084969999997,404.60583247
133665,314.3589959999995,921.29754807
133714,956.077245,500.1943292700001
133776,421.59149899999966,1376.14429577
133823,1338.8799959999997,1503.28654877
133959,983.8335010000001,1628.8013007700001
134012,953.961495,640.89905077
134031,363.0212449999999,1088.0422987700001
134117,552.008495,1635.8538007700001
134161,887.2339969999998,1866.1795497700002
134167,1272.8034979999998,899.2177987700001
134345,747.1259949999999,614.04530167
134406,449.90999799999963,1731.1167977700002
134555,353.3104949999997,1108.3317987700002
134627,1102.8579969999996,1441.98405077
134849,903.7802469999997,844.8050505699999
134945,374.82800099999986,1299.4890487700002
134948,579.3307509999995,498.6210793700001
134998,866.7274979999997,1111.0985487700002
135018,853.6532479999996,170.66506927
135349,765.2454949999997,966.4877965699999
135408,735.0282459999994,1780.3215457700003
135527,325.1547459999997,1222.72530177
135534,758.7354949999999,424.24433177000003
135539,574.0882439999996,811.9295516699999
135554,872.4779979999994,146.90357007
135675,1253.815998,1432.7615507700002
136015,1138.9884959999995,718.5307981699999
136071,1050.940748,511.3155788700001
136327,1245.081749,1040.1395507700001
136370,748.6449949999997,1054.73280077
136407,491.6824969999998,536.0535780700001
136416,597.34175,561.0085772699999
136463,353.63599499999964,1745.38454677
136481,821.1032489999998,1604.11755177
136605,545.6612449999998,493.95557947
137087,635.9677489999999,1810.80461977
137266,1263.797998,921.7315480699999
137400,512.1889959999994,730.5200477699999
137406,1131.7189959999996,993.8840455699999
137473,1083.2737469999993,1162.90729677
137592,980.4354939999998,1971.69579677
137652,484.4672469999996,1828.6928007699998
138051,657.5049979999994,1021.6945513699999
138118,804.123,150.42981997
138265,1019.5842499999994,1111.31554877
138451,446.9804989999998,2024.4070517700002
138644,491.1942469999999,1401.91304577
139090,1091.8452469999993,1668.4037997700002
139278,336.60149599999977,1884.7330497700002
139308,578.2654939999998,693.19604897
139359,1323.2559959999994,1218.81930177
139545,181.8262509999995,1759.38104677
139645,333.6719959999996,1124.9865477700002
139652,305.84174699999994,1414.91330177
139754,642.2607489999996,798.54954547
139797,900.850747,1689.9410487700002
140049,929.7117459999995,1002.76130197
140188,782.8570009999999,123.35907087000001
140262,402.9837499999999,1659.4525497700001
140266,1129.0064959999995,492.97907947
140298,467.2157479999996,1290.8090487700001
140338,835.2082489999998,636.77605087
140382,400.5967499999997,831.3510510699999
140572,944.684745,138.38632037
140579,228.91524899999968,1153.14229677
140610,172.82617599999958,1422.5083017700001
140861,564.0519949999998,827.6620511699999
140975,520.1094959999996,953.0880469699999
140995,672.4779979999994,1050.98955077
141192,1288.2104969999996,1326.45129777
141239,367.7809259999999,682.61729937
141299,527.5959959999996,1489.61554877
141354,945.4984949999998,82.72582223
141676,842.5319989999998,1019.7415514700001
141913,1174.1967439999999,1175.92729577
141981,1108.1202469999994,1222.5083017700001
142221,425.9314989999998,868.45804977
142420,851.3204979999996,567.1388270699999
142442,101.82724699999972,1541.6412977700002
142534,1148.1024949999996,1646.2155507700002
143081,104.21424699999989,1197.50447677
143396,415.67824999999993,778.91104607
143468,822.6222489999996,1189.38129577
143503,189.69250099999954,1046.21555077
143516,1370.290744,1529.9775477700002
143578,1127.3247459999998,1299.2177987700002
143665,1115.1184959999996,724.17279797
143785,272.64074799999935,1524.0642977700002
143909,393.2729999999997,1220.06705177
144144,753.2019949999999,95.09482181000001
144172,484.4672469999996,347.98857767
144623,664.3947479999997,1998.6580457700002
144708,950.4894949999998,465.52858046999995
144711,319.45849599999974,1444.09980077
144725,262.33324799999946,1116.5235477700003
144900,1127.2704959999996,1551.02654677
145003,550.8149949999997,948.6395471699999
145011,691.3569969999999,1753.79329677
145214,907.9574969999999,653.43080037
145271,409.8734999999997,1802.02154577
145471,824.5752489999995,1977.1750457700002
145607,1105.1907469999992,778.20579617
145690,201.68174999999974,1880.66429977
145712,156.07724499999995,1034.71455077
145717,1096.0767469999996,1507.02979877
145798,148.59074499999997,1181.08104577
146014,878.8794979999998,984.4445459699999
146172,1055.931748,1407.22954477
146216,664.6659979999995,660.0493000699998
146229,1236.2932489999998,836.28780087
146357,1284.9012469999993,1095.9085487700002
146597,766.438995,1491.67704877
146664,531.7732459999997,437.64408137000004
146770,434.34024899999986,1247.7345507700002
146964,1030.976749,1492.5992987700001
147013,784.2675009999998,961.9307966699998
147097,656.0944979999995,821.80305137
147146,1353.7987449999996,1606.62736977
147202,351.7372449999998,1210.7503697700001
147206,1314.6844959999994,1065.9625497700001
147615,783.5080009999997,194.31806847
147729,813.7795000000001,749.0735470699999
147747,453.0022479999998,1040.68205077
148087,660.3802479999995,425.76333177
148095,1298.0839969999993,893.57579897
148297,579.9275009999997,975.92729617
148404,681.5377469999999,373.92007677000004
148478,1055.931748,1317.8255477700002
148979,943.436995,1937.6267977700002
149056,1000.2169999999996,1666.93904977
149174,731.1222459999994,1821.04355177
149262,601.8444999999997,1712.34629877
149338,755.6432449999998,322.43682857000005
149665,508.66274699999985,1873.2862997700001
149764,1418.8789999999995,1508.4945487700002
149947,339.0427459999996,1308.4402987700003
149960,745.6069949999996,1395.34879577
149981,912.8399959999997,216.64933207
150000,977.5602440000002,154.39006987
150057,1460.4887479999998,1357.53654677
150287,268.0294979999994,1097.6987987700002
150325,1046.3837489999996,1518.6935477700001
150359,481.9174969999999,382.05757657000004
150377,322.49649599999975,1152.27429677
150396,442.64049899999964,847.40905057
150463,287.77649699999984,1497.4275487700002
150500,543.1114949999996,1071.3332997700002
150599,583.3053189999996,1481.80354977
151414,369.1371759999997,668.67504977
151417,810.4159999999997,1882.2917997700001
151463,834.6114989999996,1324.66104777
151491,72.96624799999972,1149.94154677
151519,604.7197499999997,601.4593020699999
151703,508.6084969999997,619.30755147
151705,1055.551998,440.89908127
151715,744.7932449999998,936.7587975699998
151791,525.6429959999996,1699.27204877
151863,456.8539979999996,1196.7992267700001
151893,259.5664979999997,699.97729877
152018,994.8462499999996,923.5760479700001
152075,946.1494949999997,124.93232081
152155,1418.8789999999995,1239.05455077
152244,523.2559959999994,1215.5643017700002
152277,500.41674699999976,947.1747971699999
152286,1350.760745,1059.9950497700002
152321,230.05449899999985,1404.89679477
152674,525.1004959999996,450.44708096999994
152727,638.3547489999996,1941.96679777
152792,296.1852469999999,1101.22504877
152952,1290.3804969999992,1455.5465497700002
153119,98.40949699999965,1672.90654977
153198,1578.0484940000001,1222.3455517700002
153267,1521.9539959999997,1259.6695497700002
153345,264.8829979999996,1301.5505487700002
153410,854.9552479999998,1561.17129677
153555,1428.2642489999998,1490.97179877
153769,997.6129999999994,1240.7905507700002
153943,1540.181995,1451.7490507700002
154158,876.8722479999997,740.77329737
154190,1405.2622499999993,1452.7255507700002
154254,1178.314319,1691.7312987700002
154340,294.9917469999996,1453.5393007700002
154539,381.7863189999998,1674.5340497700001
154546,406.9982500000001,1541.0445477700002
154696,685.0097469999996,1839.97680077
154742,983.1968190000002,1328.40429777
154912,1395.9854999999993,1439.81405077
154968,813.5082499999999,1482.45454977
155018,961.0139949999998,1855.2752997700002
155445,862.7129979999995,771.09904637
155586,671.1217479999996,221.42333187
155617,882.4057469999998,1747.17479677
155740,1021.2659989999997,1501.49629877
155804,702.0442469999998,1979.0195457700001
155987,349.51299500000005,1126.0172977700001
156073,590.5062499999999,856.30605027
156106,1248.1739989999996,1320.4837977700001
156216,730.6339959999996,129.59782067
156241,690.9772469999998,1135.0227977700001
156774,1214.8102499999995,1102.58129877
157026,1030.1087489999995,886.5775491699999
157100,848.9877489999999,1314.5705487700002
157277,1172.623494,697.7530488699999
157417,940.941495,1796.14822677
157567,1037.4324989999996,465.58283047
157735,416.8717499999998,1520.91779777
157784,704.431247,447.02933107000007
157976,354.88374499999964,1042.0925507700001
158263,1514.1419959999998,1460.9715497700001
158330,594.1410000000001,1750.10429677
158506,667.4327479999997,1471.3332997700002
158924,1557.867495,1472.4725497700001
159197,369.7339259999999,1396.14280177
159256,907.8489969999996,19.253324355
159342,1069.6027479999998,1502.03879877
159490,919.8382459999998,134.04632046999998
159584,266.02224799999976,2142.1837977699997
159701,820.1267489999996,334.26332817
159713,833.9604989999998,211.88964287
159739,1575.4444939999998,1385.80079577
159758,649.0419989999996,340.61057787000004
159864,829.6747489999998,444.80508117
159978,355.751745,1969.47154677
160015,1416.6004999999996,1291.8940487700002
160023,1113.3824959999997,1348.15129677
160256,150.9777449999997,1708.98279877
160437,753.3104949999997,818.00555147
160572,930.3084959999996,1550.37554677
160694,1061.7364979999998,1655.32954977
160796,1019.4214999999995,923.95579797
160831,138.9342459999998,1672.1470497700002
160953,384.11906899999985,1366.59629677
160990,970.1679260000001,1082.7800497700002
161033,806.6185,718.7477981699999
161135,1140.9957449999997,1465.14879977
161317,933.4549959999995,1254.29880077
161343,533.0209959999997,1468.89204977
161354,298.897747,1230.53730077
161562,786.8715009999996,689.9952990699999
161773,1145.010245,1794.9147957700002
161883,684.0332469999998,1689.7782987700002
161951,594.0324999999998,463.84683047
162042,1157.162245,1797.6815457700002
162092,629.8374989999998,927.9702978700001
162158,603.906,972.12979637
162280,829.023749,1365.18579677
162288,208.73424999999997,1495.5830487700002
162453,1438.7344989999997,1449.09080077
162465,777.3235009999999,1738.5490477700002
162564,168.60899500000005,1552.11154677
162773,169.6254259999996,1275.6190497700002
163145,1095.4257469999993,1305.34804877
163168,414.105,558.2960773699999
163384,995.2802499999993,1601.42479577
163752,821.6457489999998,797.23322717
164177,677.5232479999995,1561.93079677
164201,704.4854969999997,995.4572955699999
164228,702.8037469999999,1448.65680077
164262,883.9247469999996,208.13208236999998
164311,920.5434959999998,1549.61604677
164373,921.5199959999995,981.5150460699999
164637,918.6989959999996,429.88633167
164652,856.2572479999994,950.75529707
164734,786.7087509999997,1008.09754517
164998,329.98299599999973,880.7727993699999
165109,480.3984969999997,1323.57604777
165132,1170.3992440000002,1350.15854677
165211,864.3404979999996,123.57607085999999
165243,366.8044259999997,1051.42355077
165289,311.5922459999997,1365.78254677
165463,939.6394949999999,1429.66930077
165491,334.6484959999998,1182.60004577
165493,533.4007459999998,913.8110482699999
165543,409.98199999999997,1780.3757957700002
165674,782.3830689999995,1643.6115507700001
165848,92.27924699999994,1387.31979577
165996,905.9502469999998,441.44158127000003
166261,1380.3812440000002,1121.7315477700001
166290,246.2752489999998,1237.80680077
166563,1228.9694989999998,1165.07729677
166650,1569.422744,1210.79030177
166707,1250.615248,938.76604747
167071,499.7114969999998,1939.1457977700002
167139,1149.8927449999996,1058.5845497700002
167487,1234.4487489999997,896.93929887
167517,300.4709969999999,981.0267960699999
167732,1431.3022489999998,1290.42929877
167865,965.1369949999998,1985.6380457700002
168021,636.6187489999998,814.8590515699999
168270,1025.5517489999997,1737.7895477700001
168334,1199.2404999999994,1599.20054577
168426,514.0334959999996,1786.5602957700003
168640,547.2344949999997,1439.9768007700002
168934,709.7477459999996,1771.09904677
168936,839.4939989999998,896.23404887
168991,1469.656998,1213.71980177
169161,705.136497,1144.0825477700002
169189,469.2772479999994,1781.8947957700002
169286,985.8550690000002,1741.2072977700002
169329,333.83474599999954,725.09504797
169363,341.646745,1584.39029577
169459,1274.8107479999999,1421.2605517700001
169495,289.83799699999963,630.70005107
169610,1395.3344999999995,1354.49854677
169641,1547.3972449999997,1431.89355077
169730,1024.737999,1126.88529777
169767,581.0322439999995,2026.68555077
169848,534.3229959999994,413.34008216999996
169850,314.0877459999997,1267.64429977
169869,667.3784979999996,773.59454627
169952,974.413744,1901.27929877
170017,674.5394979999996,1756.39729677
170387,521.4114959999997,1733.5580477700003
170391,882.9482469999998,2006.89861977
170405,518.3192459999996,554.49857747
170459,1044.539249,1220.5553017700001
170465,820.994749,967.3015464700001
170599,720.3807459999998,714.19079827
170629,1557.704745,1310.9357987700002
170755,577.8660009999999,1392.14804577
171182,197.7757499999998,951.2977970699999
171357,929.8744959999995,675.9445495699999
171380,794.5749999999998,885.2755492699999
171566,913.2739959999994,1619.52455177
171786,960.6884949999999,1179.12804577
171815,539.6394949999999,840.62780077
171837,481.2664969999996,447.5718310700001
171853,582.9255689999995,463.95533047
171992,653.5447479999998,1733.8835477700002
172039,880.8324969999999,801.9130453700001
172070,72.96624799999972,1412.9603017700001
172076,750.4352449999997,870.62804977
172167,722.8219959999997,585.09557647
172343,873.8342479999997,1209.2170517700001
172350,520.8147459999996,361.93082717
172469,439.2769989999997,639.48855077
172588,1359.9289949999998,1051.2065507700001
172609,654.1957479999996,1446.43255077
172634,1290.0007469999996,817.78855147
172895,487.0169969999997,1330.89979777
172945,1133.5092459999996,939.30854747
172991,1568.554745,1559.97779677
173038,1086.7457469999995,1338.92879777
173246,771.0502439999996,1516.3065477700002
173394,1382.2745690000002,1459.07279977
173463,1063.6894979999997,457.17408067
173585,310.77849599999945,1461.02579977
173617,722.7134959999994,1471.2247997700001
173670,1488.4817469999994,1369.20029677
173699,841.7724989999997,1180.26729577
173764,497.9754969999999,650.77255037
174187,1321.8997459999996,1100.51979877
174190,850.3439979999994,1466.7762997700002
174239,1406.0759999999996,1599.03779577
174356,1273.400248,1123.3590477700002
174510,1299.3859969999994,839.27155077
174540,556.1857449999998,2027.06530077
174655,842.586249,36.93882376
174758,924.4494959999997,1476.5955497700002
174835,1523.5272459999996,1458.69304977
174886,797.5045,432.05633157
174981,974.3594939999998,41.22457362
175155,312.9484959999995,1106.2702987700002
175209,164.75724499999978,1342.0210477700002
175609,469.22299799999973,899.4890487700001
175902,862.5502479999996,1465.14879977
175923,854.7382479999997,985.5295458699999
175968,1167.7409949999997,532.4730781699999
175974,603.4719999999998,253.37658086999997
175984,978.4824939999999,1930.5742977700002
176070,1244.7562489999996,1284.3532997700001
176094,735.2994959999996,1916.1980477700001
176365,806.6185,736.48754757
176572,1145.9867449999997,1672.90654977
176598,829.6747489999998,893.03329897
176726,474.64799799999946,718.2052981699999
176738,1159.0609949999998,567.46432697
176787,353.58174499999996,1578.31429577
176860,171.3214939999998,1050.17580077
176943,673.1289979999997,193.99256846999998
176982,732.6954959999998,1963.66679677
177058,1025.4974989999996,1682.2375497700002
177189,781.1407439999998,510.77307887000006
177370,1567.686745,1573.54029677
177567,1201.0849999999996,1431.51380077
177695,528.9522459999998,1294.55229877
177809,718.9159959999997,662.7617999700001
177829,1032.6042489999995,463.25008047
177954,706.7639969999996,1663.62979977
178031,456.69124799999963,804.82280197
178058,921.3572459999996,522.92507847
178223,104.7567469999999,1238.51205077
178228,1198.2639999999997,1522.8165477700002
178323,212.42324999999983,1604.23147677
178374,756.6739949999996,1161.65954677
178375,815.35275,288.96457967000003
178416,925.5887459999994,109.74232132
178577,648.7164989999997,1951.02654677
178873,162.8042449999998,1149.94154677
179056,447.25174899999956,743.54004727
179183,1575.498744,1504.26304877
179350,279.42199799999935,2100.35704877
179366,1390.1265010000002,1361.65954677
179609,1258.3187480000001,1043.8828007700001
179746,1144.684745,1281.47804977
180247,1395.2802499999993,1449.90455077
180419,992.7847499999993,1481.4237997700002
180806,811.3924999999999,1379.39929577
181060,528.5182459999996,1403.73780177
181206,855.1179979999997,124.76957082000001
181256,760.3087449999998,2009.01436977
181454,1531.8817459999996,1526.0715477700003
181518,1012.0977499999995,1050.98955077
181632,731.7189959999996,985.20404587
181742,621.0489989999996,1247.6260507700001
181900,754.0699949999998,1745.76429677
182192,885.3894969999997,96.39682177
182226,861.4109979999994,882.2375493699999
182251,556.456995,1503.01529877
182364,940.4532449999997,174.08281917
182560,1253.110748,1585.20404577
182678,649.8557489999998,1764.86029677
182760,1115.6609959999996,810.5190517699999
182799,520.7604959999994,476.48708007
182882,1213.1827499999995,871.65879967
182923,1067.5954980000001,990.3577957699999
183028,1140.724495,1692.49079877
183050,1046.871999,1262.81604977
183148,1186.9257510000002,1330.6827977700002
183213,424.57524899999953,1331.44229777
183610,1258.047498,1052.07455077
183818,195.65999999999985,1404.7685517700002
183876,1076.8722480000001,834.98580097
183951,1103.2919969999994,943.91979727
183957,275.1362479999998,1197.13904577
184049,461.9534979999994,1342.23804777
184069,1274.159748,804.71430197
184113,619.8555000000001,947.22904717
184234,971.755494,85.16707215
184309,692.2249969999998,1705.51079877
184313,1306.3842469999995,1102.31004877
184710,807.1067499999999,1748.09704677
184804,284.1959969999998,1724.66104777
184819,1550.760745,1259.2897997700002
185032,1094.1237469999992,987.3197958699999
185036,1001.1934999999994,1420.93505177
185057,707.631997,2003.1065457700001
185068,259.1324979999995,1010.91312007
185133,590.9402500000001,1331.0625477700003
185220,1280.2357469999993,940.06804737
185255,703.2919969999998,1798.20972677
185286,811.3924999999999,184.06481886999998
185414,1052.8394979999998,1243.2860507700002
185415,543.4912449999997,1566.27079677
185463,793.924,670.46529977
185749,1575.4444939999998,1288.63904877
185864,1290.1092469999994,1179.12804577
186147,1144.9559949999998,730.14029777
186253,546.9089949999998,981.9490459699999
186312,1113.9792459999994,1576.46979577
186358,616.6547499999997,423.26783187000007
186711,402.11574999999993,1040.35655077
186963,1023.490249,1423.21355177
187149,0.0,1241.00755077
187225,706.0587469999996,1405.05411977
187325,251.15774799999963,1949.56179677
187384,598.8064999999997,1048.38555077
187500,1356.619745,970.2310463700001
187774,1268.1922479999998,1581.78629577
188090,248.5537489999997,1009.33987007
188189,1230.8682489999997,867.04754987
188579,777.4320009999997,1059.50679977
188639,1443.8882489999996,1211.2785517700001
188675,1120.0009959999998,1575.49329577
188767,1244.7562489999996,1267.7527997700001
188816,599.2404999999999,1072.09279977
189049,393.16449999999986,767.24729647
189388,1102.6409969999995,1768.06104677
189477,498.0297469999996,1316.1437977700002
189585,687.6137469999999,1780.3757957700002
189611,906.926747,1636.5048007700002
189710,1285.6064969999993,986.50604587
189795,1271.284498,948.1512971699999
189823,384.5387509999996,740.44779737
189860,1067.8124979999998,1453.86480077
189967,1043.7254989999997,399.94033267000003
189972,869.6569979999995,1188.0250457700001
190308,960.200245,368.49507697
190363,174.17700099999956,1842.85205077
190365,391.2114999999999,1458.5845497700002
190601,909.4764969999997,110.66457129
190647,1089.7294969999994,454.67858077
190741,1098.0839969999993,1077.46354977
190857,580.7555689999995,287.39132967
190861,670.3079979999998,1709.68804877
190966,1070.036748,950.48404707
191244,984.159001,446.2155810700001
191677,894.5577469999998,1199.45205177
191748,468.7347479999994,1097.1020487700002
191828,280.4527469999998,2138.82029777
191995,1471.609998,1455.76354977
192024,973.9797440000002,135.45682047
192161,592.1880000000001,1953.57629677
192166,1129.9829959999997,1248.7110507700002
192168,1412.7487499999997,1374.08279677
192218,715.0642459999995,1980.0502957700003
192676,527.2162459999995,1342.5635477700002
192836,931.3934959999997,301.60482927000004
192850,895.317247,1657.98779977
193010,397.39599999999973,823.7018012699999
193055,946.3664949999998,1992.74479577
193208,642.4234989999995,963.1785466699998
193221,720.0552459999994,1714.40779877
193223,661.0312479999998,1108.4945487700002
193364,720.0009959999998,832.3275510699999
193431,707.8489969999996,1632.3818007700002
193731,244.91899899999953,1056.84854977
193787,943.2742449999996,1697.6445487700003
193851,944.4134949999998,718.2595481699999
193916,1381.0667509999998,1538.1150477700003
193929,871.5557479999998,137.89807037
193946,1238.1919989999997,1126.0172977700001
194077,1050.8322480000002,479.47082997
194385,514.6302459999997,1952.32854677
194561,379.9960689999998,1575.38479577
194784,1057.559248,559.0013272699999
194827,394.1410000000001,970.39379637
194955,816.058,422.7795818700001
195070,1299.3859969999994,1192.47354577
195088,404.8824999999997,1491.6227987700001
195098,952.3882449999996,611.94390057
195116,808.5715,401.15357587000005
195311,1464.9372479999997,1314.24504877
195389,734.8112459999998,705.4022985699999
195428,910.5072459999997,1270.8992997700002
195442,142.894495,1787.3740457700003
195576,917.7767459999995,312.40057887000006
195698,1134.7027459999995,880.01329947
195745,1201.1934999999994,1427.60780077
195951,635.0997489999995,1713.26854877
195959,697.7042469999997,1369.63429677
195971,1380.972569,829.1268011699999
196411,722.1167459999997,344.67932777
196417,325.8599959999997,884.2447992699999
196437,674.3767479999997,1536.3790477700002
196744,439.11424899999975,517.0660786699999
196776,610.4702499999999,900.57404877
197002,220.94049899999982,1321.7315477700001
197254,872.5864979999997,119.67007099
197489,375.1589259999996,475.72758007
197502,876.0584979999994,1050.01305077
197508,292.116497,1247.6260507700001
197531,1079.0964979999999,1285.2755487700001
197620,528.9522459999998,1455.87204977
197842,945.8782449999999,1079.6335497700002
198065,1165.6252449999997,596.4194772699999
198134,343.97949500000004,1465.47429977
198199,389.20425099999966,653.43080037
198275,701.5017469999998,149.61606997
198284,709.2052469999999,529.54357827
198290,936.8727459999996,1764.26354677
198381,373.20592599999964,954.66129697
198445,795.4972499999999,1862.81604977
198472,217.25149999999985,1867.91554977
198584,1320.8689959999997,1015.1303015699999
198634,559.4407449999999,1198.75222677
198647,182.76281899999958,1338.0607977700001
198654,962.0989949999998,1060.7002997700001
198678,79.25924799999939,1153.52204677
198898,917.4512459999996,1976.5782957700003
199018,258.5357479999998,1336.7587977700002
199033,1170.0194940000001,1359.70654677
199097,441.2299989999997,1798.48097677
199279,875.2447479999996,1719.3445477700002
199372,688.6444969999998,714.40779827
199415,1086.9627469999996,1119.1817977700002
199881,314.03349599999956,1605.96205177
199917,979.4535690000002,184.01056887
200055,610.5787500000001,584.98707647
200215,1175.4933190000002,502.09307917000007
200229,1097.6499969999995,1723.5217977700001
200283,1093.7439969999996,404.55158247
200296,718.2107459999997,1695.5830487700002
200546,931.5019959999995,1742.4550477700002
200708,824.9007489999999,995.98547727
200921,1206.6184999999996,1051.69480077
201025,870.0909979999997,1008.90587007
201098,331.06799599999977,988.89304577
201117,1316.2577459999998,1557.86204677
201166,753.3104949999997,1851.58630077
201485,1016.3834999999995,1141.15304777
201579,1340.181995,1478.06029977
201807,777.0177439999998,1115.4927977700002
201878,1167.5782449999997,731.55079767
201934,530.0372459999994,338.92882797000004
201970,231.08524899999975,1678.3857997700002
202096,1132.4784959999997,701.7675486699999
202188,1553.8529949999997,1599.7972957700001
202232,440.09074899999996,1308.3317987700002
203017,1139.9649949999998,601.09932587
203114,904.8109969999996,45.45607348
203307,1177.9399939999998,1654.46155077
203442,817.6855,1538.6032977700002
203535,1397.3959999999997,1321.2432977700003
203626,566.5474949999998,1518.3680477700002
203651,607.5949999999998,1974.6795457700002
203804,1456.5827479999998,1345.76429677
203823,1021.4287489999997,1562.52754677
204159,595.9312500000001,728.45854777
204184,781.5150689999996,736.1077975699999
204311,301.7729969999996,1255.32954977
204484,841.5012489999999,1110.0135487700002
204537,1245.081749,1396.21679577
204877,598.6979999999999,1244.5338007700002
204891,254.3584979999996,1224.2985517700001
204903,534.4857459999998,1202.86980177
204983,520.5977459999995,1184.28179577
205013,554.8837449999996,665.63704987
205033,881.8632469999998,1588.29629577
205071,874.2139979999997,1891.13454877
205083,1165.0827449999997,1684.29904977
205439,223.86999899999955,1907.35529877
205498,578.8967509999998,1274.2627997700001
205551,360.3087449999998,1083.4852997700002
205635,494.1779969999998,1078.4942997700002
205866,566.1677449999997,2072.36404977
206044,1441.4469989999998,1240.4108007700002
206145,168.92017599999963,1207.22954477
206165,809.6565,1290.4835487700002
206204,943.3284949999997,1540.01379777
206527,911.9177459999996,1692.7077987700002
206595,820.994749,183.73931886999998
207183,738.3374959999996,250.01308096999998
207555,1154.124245,549.2363276699999
207643,672.4237479999997,1202.49005177
207699,319.7297459999995,944.19104727
207798,971.6469940000002,2008.7973697700002
207904,117.23424599999953,1503.55779877
207930,482.78549699999985,1665.42004977
208055,363.88924499999985,1042.9063007700001
208079,704.2684969999996,697.10204887
208238,993.8154999999997,1611.45561977
208254,799.4575,379.18232667
208415,1004.6654999999996,1715.11304777
208449,1449.9642479999998,1483.97354977
208667,579.2908189999998,998.60379547
208724,807.5949999999998,319.77857857000004
208829,871.2844979999995,1966.37929677
208869,696.4564969999997,821.80305137
208906,981.677819,1246.6495507700001
209037,652.2427479999997,854.57005027
209052,503.94299699999965,1501.1165487700002
209133,1264.286248,1453.05105077
209418,690.7059969999996,1083.5395497700001
209515,781.9347509999998,923.3047979700001
209547,174.73924399999987,1258.09629977
209697,430.7054989999997,797.6129771699999
209968,979.6759940000002,904.85979857
210009,686.2032469999999,1845.9985507699998
210292,1248.282499,1347.22904677
210505,410.8499999999999,988.5132957699999
210662,1079.530498,1013.13736997
210724,1304.7024969999993,1560.46604677
210845,623.8157489999999,888.3677991699999
210936,409.1682499999997,1407.1013017700002
211225,728.9522459999998,166.16231946999997
211272,971.4102510000002,1594.90047777
211284,320.4349959999995,1276.1615497700002
211393,501.23049699999956,1785.0955457700002
211469,868.5177479999998,591.44282617
211572,264.82874799999945,1178.31429577
211578,294.44924699999956,1524.2270477700001
211617,1351.465995,1312.6717987700001
211660,954.0157449999997,660.4290500699999
211695,767.8351759999996,921.8942980699999
211750,1239.8737489999999,958.7842967699999
212008,344.4134949999998,963.2870466699999
212166,100.30824699999994,1469.59729977
212190,381.2438189999998,1406.68704477
212451,354.39549499999976,1253.37655077
212541,254.90099799999962,1435.36555077
212557,1077.360498,1549.83304677
212622,756.077245,1136.43329777
212902,1276.329748,1577.88029577
213149,614.1592499999997,1727.2650477700001
213244,1430.271499,1320.4837977700001
213466,1461.3567480000002,1300.5740487700002
213565,269.1687479999996,1978.0430457700002
213969,321.7912459999998,802.5497270699999
214046,651.4832479999995,1237.2100507700002
214325,699.0604969999999,1318.0967977700002
214525,832.2244989999999,172.23831927
214579,1334.4857459999998,1026.63130077
214652,952.4424949999998,141.74982027000001
214959,1041.2299989999997,1341.42429777
215197,951.628745,1705.02254877
215205,557.4877449999999,578.1515766699999
215306,283.32799699999987,1324.8780477700002
215369,518.8074959999994,1434.66030077
215543,740.5074949999998,419.25333197
215651,454.0329979999997,767.0845464700001
215673,995.0089999999996,611.5641505699999
215814,819.2044999999998,1648.5483007700002
215853,1072.5864980000001,658.5845501699999
215892,437.4867489999997,1984.3902957700002
216062,322.3879959999995,1317.5542977700002
216093,842.3692489999999,572.07557687
216268,734.9197459999996,198.53525767
216279,779.0595009999997,989.7610457699999
216350,816.058,907.89779847
216906,849.4759989999998,1877.62629977
216982,410.90425000000005,1714.9502977700001
217002,583.2510689999995,1301.0080487700002
217042,404.7739999999999,1561.33404677
217340,1508.3372469999995,1384.06479577
217443,1546.420745,1348.42254677
217465,124.82924599999978,1591.06304577
217498,151.14049499999965,1789.4355457700003
217845,198.26400000000012,1760.62879677
217855,944.4677449999999,283.43107987
217893,888.6444969999998,1467.26454977
217937,732.4242459999996,1642.3638007700001
218281,995.2259999999997,1029.66930077
218296,1404.2314999999994,1422.6168017700002
218492,712.7857459999996,1204.38880177
218637,1114.6302459999997,403.14108257000004
219050,447.6314989999996,1819.5788017700002
219132,583.1425689999996,1240.89905077
219165,301.0677469999996,1542.40079777
219167,74.64799799999946,1643.82855077
219322,1362.4244949999998,1238.51205077
219360,1464.9372479999997,1242.79780077
219550,1394.7377499999993,1205.7450517700001
219681,385.2982509999997,2050.2300507699997
219738,304.973747,1503.9375487700001
219756,690.5974969999997,1093.9555487700002
219904,220.88624899999968,1306.2702987700002
220036,1563.5094949999998,1285.7637987700002
220046,972.0666759999999,1771.04479677
220145,701.8272469999997,1459.2897997700002
220248,949.1874949999997,1313.0515487700002
220286,512.7314959999994,1611.0073017700001
220621,202.98374999999987,1318.31379777
220786,857.9389979999996,1533.93779777
220831,870.3622479999995,1796.9220457700003
220941,726.0769959999998,1880.7185497700002
221067,786.9800009999999,465.85408047
221317,302.36974699999973,1752.70829677
221374,683.9789969999997,1444.8050507700002
221578,517.8852459999998,904.85979857
221687,329.4404959999997,1921.8400477700002
221690,293.41849699999966,1465.7997997700002
221730,496.13099699999975,2019.47030177
221755,873.1832479999994,385.74657637000007
221817,802.2784999999999,1249.9588007700002
221848,975.3902440000002,211.33283226999998
221868,893.2014969999996,1007.27837017
221950,370.3849259999997,1824.94955177
222134,328.1384959999996,919.6157980699999
222236,706.384247,126.07157078
222385,833.2552489999998,1618.00555177
222712,566.5474949999998,1575.4390457700001
223240,783.6707509999997,157.80781967
223285,818.39075,1515.7640477700002
223334,1527.4332459999996,1593.12454577
223383,1152.171245,1562.74454677
223395,1069.331498,711.80379837
223409,816.9259999999999,1323.3047977700003
223547,703.725997,508.38607897
224232,946.2037449999998,894.82354897
224318,1085.2809969999994,886.1435492699999
224356,908.5542469999996,569.74282697
224549,661.2482479999994,597.89857597
224578,686.2032469999999,1980.5927957700003
224601,580.7013189999998,750.3755470699999
224675,378.58556899999985,1043.6115507700001
225225,597.1790000000001,612.5406504700001
225229,377.3974939999998,1605.27111977
225240,898.8434969999998,331.82207817
225316,647.9027489999999,1336.2705477700001
225712,1496.8904969999994,1370.93629677
225718,903.7802469999997,738.1692974700001
226058,821.1032489999998,1718.04254777
226134,990.3977499999996,592.69057617
226256,336.3844959999997,1370.77354677
226346,759.4407449999999,273.34058017
226470,1196.5279999999993,1220.06705177
226532,949.5672449999997,1035.8538007700001
226566,495.37149699999964,442.03833127
226594,188.71600099999978,1860.9172997700002
226625,1193.3272499999994,1338.1692977700002
226694,234.88274899999988,1342.40079777
226784,1134.9739959999997,435.25708147
227179,607.0524999999998,1114.6790477700001
227234,862.3874979999996,542.0753278699999
227308,978.9707440000002,1078.98254977
227427,871.9897479999995,1873.5575497700002
227621,1247.6314989999996,1308.8742987700002
227627,664.5574979999997,670.46529977
227672,234.7742489999996,1021.1520513699999
227943,601.4105,1674.2627997700001
227984,393.0017499999999,761.00854667
228257,365.0827449999997,911.2070483699999
228526,976.8549940000003,745.2760472699999
228528,305.2992469999999,1710.6102987699999
228850,762.5872449999997,1375.00504577
228856,441.12149899999986,872.79804967
228880,645.6784989999996,1071.4960497700001
228945,271.4472479999995,1379.34504577
229048,1034.0689989999996,1761.82229677
229079,773.7972509999995,545.7643277699999
229169,566.1134949999996,1831.6223007699998
229437,531.2849959999994,1232.70730077
229636,739.3682459999995,1427.17380077
229926,1068.788998,655.43805027
229984,513.3282459999996,1361.87654677
230021,982.2745690000002,1442.0925507700001
230057,255.98599799999965,846.5410505699999
230145,822.2967489999996,178.53131896999997
230148,828.9694989999998,588.6218262699999
230218,835.3709989999998,666.6677998700001
230273,501.12199699999974,696.9392988699999
230275,392.13374999999996,770.82779637
230509,924.8292459999998,568.16957697
230703,111.8092459999998,1715.3300477700002
230770,1110.3444959999997,1600.12279577
230831,495.69699699999956,1832.2733007699999
231395,532.1529959999998,1322.8165477700002
231539,903.9429969999997,1137.0842977700001
231647,1138.2832459999995,1276.5955497700002
231817,978.9164940000001,276.54133007
231820,503.61749699999973,474.31708017
232090,1072.9662479999997,1508.0605487700002
232274,521.2487459999998,1512.1835487700002
232349,442.6947489999998,1743.6485477700003
232399,1077.6317479999998,792.4735456699999
232490,600.2170000000001,1921.7857977700003
232718,437.7037489999998,687.3912991699999
232782,406.1302499999997,953.1965469699999
233025,93.30999699999984,1506.7042987700002
233184,168.50049499999977,1201.5875457700001
233308,1471.5557479999998,1321.1347977700002
233367,1130.8509959999997,740.17654737
233372,1377.451744,1007.50079517
233445,457.01674799999955,723.30479797
234005,714.9557459999996,1139.74254777
234030,385.7865009999996,1005.47380197
234075,1380.001494,1206.9928017700001
234093,690.4889969999999,499.76032927000006
234298,1175.0647440000002,1377.50054577
234812,490.81449699999985,789.70679577
234989,424.9007489999999,699.5975487699999
235724,743.9252449999999,271.22483027000004
235772,1100.4709969999994,881.8035493699999
235900,895.9682469999998,1322.9792977700001
235987,913.6537459999995,272.36408017
236007,937.9034959999994,28.638574041
236244,1351.1404949999996,1074.9137997700002
236246,1143.436995,494.44382947
236440,805.8047499999998,727.04804787
236540,1110.7242459999998,1654.46155077
236703,977.5602440000002,1006.03604517
236740,874.8649979999996,879.95904947
236920,715.9864959999995,1230.48305077
236986,119.78399599999966,1166.59629677
236996,453.8702479999997,1675.02229977
237042,815.0814999999998,1312.72604877
237095,296.2394969999996,870.95354977
237126,441.0129989999996,784.0647959700001
237251,1341.7552449999998,1288.8017987700002
237326,598.20975,687.7710491699999
237387,1106.2214969999995,1361.87654677
237668,1055.7147479999999,883.59379927
237673,897.4329969999999,410.58765057
237738,1495.4257469999993,1307.02979877
237782,1068.1379980000002,682.8342993699999
237854,93.6897469999999,1176.57829577
237936,458.5357479999998,692.5450489699999
237989,1177.377751,1412.9746197700001
238011,676.1669979999997,1942.67204777
238089,918.9702459999994,560.57457727
238126,642.9659989999996,1934.7515477700001
238174,1208.6257499999997,1381.78629577
238224,480.28999699999986,1211.5498017700002
238282,1035.262499,689.5070490699999
238329,466.3477479999997,404.29465077000003
238378,683.2737469999997,359.97782727000003
238537,662.7672479999997,1008.85162007
238679,782.3687509999995,44.9135735
238700,923.9612459999994,543.05182787
238788,383.3053189999996,1751.67754677
238813,1304.8109969999996,1389.97804577
238819,635.4794989999996,1367.78979677
238857,631.7904989999997,841.55005067
238900,746.5292449999997,1651.0438007700002
238905,295.6427469999999,1037.42705077
239093,908.6084969999997,1475.9987997700002
239189,793.76125,1392.58204577
239561,500.7422469999997,452.67133087
239639,504.7567469999999,1177.98879577
239666,1024.5209989999998,714.5705482699999
239828,1052.6767479999999,1344.3537977700003
240120,573.9254939999996,670.57379977
240198,406.50999999999976,1312.56329877
240639,677.9572479999997,1153.14229677
240765,894.2322469999999,235.90808146999998
240811,657.9932479999998,886.74029917
240911,1329.4947459999994,940.28504737
241044,382.8170689999997,1772.29254677
241074,707.9032469999997,813.02886997
241662,869.8739979999996,956.9397968699999
241680,1526.0769959999998,1249.57905077
241714,1490.4347469999993,1341.7497977700002
241718,1538.9342459999998,1501.9845487700002
241843,1036.9442489999997,429.61508167
241903,873.3459979999998,1882.99704977
241922,873.4544979999996,336.92157807000007
242133,520.4349959999995,862.9787999700001
242161,1203.2549999999997,800.2712270699999
242188,1205.4792499999994,819.52455147
242420,770.0737439999998,110.06782131
242810,546.3664949999998,928.07879787
243122,850.7237479999994,1319.2902977700003
243289,324.6122459999997,1055.60079977
243313,318.4819959999995,1188.83879577
243349,832.1159989999996,1370.55654677
243533,317.4512459999996,1768.38654677
243740,1166.750176,1516.3065477700002
243801,794.9547499999999,1647.78880077
243915,1368.486176,1515.54704777
243970,914.4132459999996,1154.17304677
244171,212.04349999999977,1890.5377987699999
244199,1245.624249,1174.62529577
244411,541.7009949999997,1886.90304877
244418,333.8889959999997,1953.84754677
244444,832.1702489999998,0.0
244449,968.608995,412.05240057000003
244550,266.72749799999974,1867.6985497700002
244552,323.79849599999943,1909.79654877
244678,1046.7634989999997,970.28529637
244843,645.7869989999999,1927.2107977700002
245067,354.2327449999998,736.1620475699999
245145,719.9467459999996,1561.55104677
245338,634.5029989999998,1353.41354677
245468,712.4059959999995,1984.9870457700001
245544,463.1469979999997,1070.6280497700002
245553,548.1024949999996,293.35882947
245584,753.3647449999999,1715.2215477700001
245767,181.89481899999964,1249.85030077
245835,623.9242489999997,1351.94879677
245895,680.5612469999996,527.1565783699999
246108,859.8919979999996,1197.08479577
246155,353.0934949999996,1161.55104677
246367,1137.6322459999997,656.19755027
246370,567.1299259999996,1159.54379677
246390,1094.9374969999994,1737.6267977700002
246429,1354.503995,1034.55180077
246441,817.5227500000001,1693.5215487700002
246552,458.69849799999974,1948.47679677
246891,879.6389979999994,1268.4580497700001
246982,1100.6879969999995,1016.9205515699999
247003,1006.6727499999997,1212.16086977
247199,615.4612499999998,1955.47504677
247240,1061.0312479999998,422.02008187000007
247269,1441.2842489999998,1260.4290497700001
247374,1270.579248,1536.9215477700002
247400,908.6627469999999,584.82432647
247402,264.9914979999994,802.81555197
247421,1182.4772510000003,1512.56329877
247429,676.0042479999997,289.01882967
247431,613.7795000000001,482.61732987000005
247550,260.97699799999964,973.81154627
247766,799.5117500000001,1107.9520487700001
247794,957.4334949999998,1918.7477977700003
247933,617.30575,867.4272998700001
248104,447.0347489999999,1843.72005077
248135,273.18324799999937,2076.48704977
248325,685.9862469999998,1752.32854677
248439,782.9255689999995,793.9382955699999
248477,160.200245,1630.26605077
248545,901.7729969999996,677.57204947
248784,457.01674799999955,602.72682587
248977,922.1167459999997,235.36558146999997
249284,840.2534989999999,571.42457687
249739,863.5267479999998,895.2032989700001
250054,680.3984969999997,798.82079547
250121,1138.3374959999996,1354.93254677
250147,175.6614939999995,1554.66129677
250152,804.3399999999997,1370.93629677
250239,866.9987479999995,182.05756886999998
250295,333.23799599999984,1649.5248007700002
250555,926.0769959999998,845.40180057
250603,1065.425498,626.6855511699999
250655,316.6917459999995,1334.0462977700001
250678,405.7505000000001,1940.8275477700001
250696,1315.7694959999994,1570.71929677
250818,893.0929969999997,202.40131817
250851,935.6792459999997,422.12858187000006
250929,1303.4004969999996,1259.5610497700002
251097,1181.4065690000002,475.72758007
251340,896.9989969999997,1157.48229677
251494,899.0062469999998,168.71206937
251510,750.8692449999999,1895.69154877
251667,378.5170009999997,1825.43780077
252072,984.4988189999999,1366.10804677
252109,609.0054999999998,1154.06454677
252317,922.7677459999995,1177.66329577
252509,1266.510498,1149.39904677
252577,1300.3624969999996,1183.41379577
252591,1223.2189989999997,1490.8090487700001
252653,1013.0742499999997,1104.96829877
252927,1449.1504989999999,1305.78204877
252967,656.2029979999998,1004.82280197
252975,808.3544999999999,40.46507364
253252,435.26249899999993,1328.0245477700003
253338,1316.0407459999997,900.57404877
253605,1525.9142459999998,1582.11179577
253669,745.1187449999998,717.3372981699999
253775,1084.3044969999996,982.2202959699999
254166,365.4082449999996,1371.37029677
254395,1202.5497499999997,994.24947727
254495,1548.8077449999996,1421.31480177
254562,657.1794979999995,570.93632687
254601,290.4889969999999,2112.0750487699997
254719,956.2399949999999,799.24047717
254904,1077.143498,570.33957697
254967,413.02,1662.27354977
255144,1143.436995,588.13357637
255148,117.55974599999945,1134.2632977700002
255183,1229.5119989999998,1308.11479877
255199,167.30699499999992,1397.35604577
255299,768.934495,810.2078700699999
255322,830.5969989999999,1744.51654677
255333,658.3187479999997,1680.7727997700001
255448,347.72274500000003,716.3065481699999
255500,414.81025,1052.40005077
255623,95.20874699999968,1367.13879677
255752,652.2969979999993,1312.0750487700002
255765,738.6629959999996,348.63957767
255883,758.8982449999999,1016.4323015699999
255982,235.04549899999984,1471.93004977
256100,1048.3909989999997,1115.65554777
256529,670.1994979999995,485.16707977000004
256716,606.9982500000001,1746.30679677
256842,680.1814969999996,405.54782577000003
256868,878.0114979999994,397.55875767000003
256884,653.7617479999994,440.95333127000004
256976,300.7422469999997,1657.17404977
256978,380.36150099999986,981.8947959699999
257342,1141.3754949999998,965.8910465699998
257565,1086.5829969999995,697.31904887
257585,1454.9552479999998,1326.7225477700001
257719,415.5155,1460.3747997700002
257890,302.47824699999956,1917.5000477700003
257971,594.3579999999997,1536.16204777
258210,560.5799949999996,1753.73904677
258240,313.00274599999966,1812.58055177
258276,1340.561745,954.66129697
258466,902.2612469999999,1258.4760497700001
258476,724.7207459999995,683.15979937
258562,125.04624599999943,1313.2142987700001
258722,1123.9612459999994,571.80432687
258774,1055.7147479999999,1379.67054577
258832,73.56299799999942,1483.1055497700002
258894,1223.2732489999999,1276.54129977
259003,805.37075,1850.23005077
259066,1079.4219979999998,1601.62205177
259528,889.0242469999998,1427.2823007700001
259816,1416.7089999999994,1461.5140497700002
259973,352.82224499999984,769.3087964700001
260062,542.514745,1915.4385477700002
260114,1140.724495,866.01679987
260276,1250.452498,1000.1227953700001
260331,903.346247,939.20004747
260510,444.21374899999955,1137.0842977700001
260541,1036.7272489999996,1637.80680077
260595,535.4622459999996,1344.57079677
260658,351.7372449999998,1730.46579777
260752,1088.2647469999993,1496.9935487700002
261061,1006.7812499999995,962.6902966699998
261088,352.876495,1618.7650517700001
261130,820.0182500000001,480.98982987000005
261158,582.9309939999998,405.31108247000003
261223,816.8717499999998,1721.1890477700001
261319,327.8672459999998,1149.45329677
261342,695.4257469999998,679.4707994700001
261488,997.1789999999996,843.17755067
261518,782.7485009999996,1805.2025517700001
261705,306.221497,733.66654767
261884,916.8544959999995,115.60132113
261905,658.1017479999996,935.9450475699998
261928,411.5552499999999,1623.8645517700002
262137,1005.7504999999996,673.4490496699999
262531,1494.8832469999993,1220.44680177
262798,445.62424899999996,1715.7097977700003
263050,745.1729949999999,1358.29604677
263185,1230.976749,1397.50447677
263325,1041.7724989999997,1068.51229977
263326,923.0932459999995,1826.95680077
263660,283.7619969999996,1841.60430077
263696,1087.5594969999993,623.05080137
263728,380.4843189999997,1420.44680177
264022,357.162245,1493.19604877
264163,348.86199499999975,833.24980097
264191,770.0051759999997,527.10232837
264666,784.1590009999995,187.64531867
264805,486.6914969999998,1790.1950457700002
264812,290.10924699999987,2135.45679777
264863,194.84625000000005,1666.0710497700002
265091,1215.8409999999994,1358.35029677
265286,1122.1167459999997,789.27279577
265295,1485.9319969999992,1287.5540487700002
265562,1178.373994,876.75829957
265712,122.98474599999963,1743.5942977700001
265789,1118.8617459999996,1161.17129677
265795,564.9742449999999,2005.85355177
265991,641.6097489999997,1005.27654527
266053,573.4717509999996,1690.3750487700001
266169,273.50874799999974,1071.9842997700002
266199,537.0897459999996,271.76733027
266212,636.8357489999999,284.73307977
266236,1367.5639260000003,1331.3337977700003
266277,253.70749799999976,2032.38180077
266290,974.177001,1353.08804677
266357,546.8547449999996,1519.4530477700002
266498,1439.4939989999998,1413.02886977
266540,1369.259994,1233.3583007700001
266597,475.57024799999954,1360.84579677
266676,308.93399699999964,950.1042970699999
266748,866.6189979999995,1789.7610457700002
266876,92.71324699999968,1160.62879677
266883,783.6308189999995,1703.99179877
266934,1102.3697469999993,1755.04104677
267053,627.4504989999996,1987.6995457700002
267084,288.6444969999998,1257.2282997700001
267093,1451.5917479999998,1466.72204977
267100,821.1574989999999,350.80957757
267550,884.087497,1173.21479677
267636,512.5144959999998,1095.3660487700001
267659,431.57349899999963,1654.29880077
267876,1305.2992469999995,1245.34755077
267928,634.9912489999997,1261.5140497700002
267967,778.2112439999996,1361.55104677
268040,854.2499979999998,181.94906887
268050,831.519249,1067.5900497700002
268075,329.9287459999996,1341.5870477700003
268661,759.3322449999996,1188.51329577
268813,1083.0567469999996,969.36304647
268900,1376.909244,1147.77154677
268944,1467.0529980000001,1537.5725477700003
269032,829.4034989999996,1473.34054977
269097,763.9977449999997,1968.22379677
269324,865.3169979999998,221.64033186999998
269403,796.2024999999999,84.57032217
269443,1279.313498,1307.2467987700002
269634,663.3639979999994,615.1845515699999
269699,512.6229959999996,1925.4747977700001
269974,1039.7652489999996,1026.95680077
270171,820.4522489999999,1342.2922977700002
270384,1283.3822469999996,1563.07004677
270626,994.7377499999993,1496.6137987700001
270754,705.4077469999997,175.38481917000001
270919,671.4472479999995,1322.87079777
271042,524.9377459999996,1483.32254977
271160,681.5377469999999,888.1507991699999
271171,1445.5157489999997,1462.11079977
271217,393.4357500000001,1432.8158007700001
271271,850.8322479999997,305.34807907000004
271385,254.68399799999952,1319.83279777
271471,827.2334989999999,1092.9790487700002
271838,1448.282499,1376.63254577
271896,335.29949599999964,1675.02229977
271898,1495.3714969999996,1584.66154577
271915,222.83924899999965,1086.14354877
272154,850.2354979999996,1140.0680477700002
272188,890.4889969999999,1969.20029677
272395,803.74325,457.98783067
272429,936.6014959999998,1676.54129977
272549,1367.672426,1209.3255517700002
272698,124.06974599999967,1086.0350487700002
272714,210.4159999999997,881.09829937
272752,713.4909959999995,317.28307867
272830,1175.824244,1270.95354977
272992,1540.6702449999998,1481.0440497700001
273311,1156.294245,404.00908247
273320,878.1742479999994,1990.3035457700003
273472,1307.5234969999992,848.5483004700001
273585,859.1867479999996,1632.32755077
273615,509.9104959999995,1772.61804677
273679,663.6894979999997,1092.21954877
274080,1090.8144969999994,964.7517965699999
274257,888.7529969999996,1908.44029877
274374,357.21649499999967,1419.63305177
274538,477.6859979999995,1933.66654777
274742,785.3525009999998,866.50504987
275210,1117.9937459999996,969.68854647
275256,630.9767489999999,1404.62554477
275373,592.5135,1108.4402987700003
275400,729.5489959999995,460.21208057
275531,834.3944989999995,1233.95505077
275708,518.6447459999995,469.05483027
275824,407.1067499999999,609.32555177
276056,1368.608995,1351.78604677
276223,316.52899599999955,711.36979837
276556,560.200245,546.41532777
276568,378.7882509999995,1240.35655077
276964,463.58099799999945,1485.00429877
276990,192.1880000000001,1308.7657987700002
277070,1474.864998,1260.3747997700002
277126,657.9389979999996,1726.88529777
277404,476.2754979999995,1301.93029877
277558,654.7924979999998,690.5920490699999
277638,85.33524699999998,1209.86805177
277711,803.6347499999997,1806.19879477
277973,553.0392449999999,1119.1817977700002
277984,734.7569959999996,741.96679737
277998,853.6532479999996,815.72705157
278008,973.545744,1570.06829677
278053,729.1692459999995,629.01830117
278079,805.9132500000001,862.3820500699999
278089,607.4865,523.52182847
278092,516.2034959999996,1146.74079677
278114,351.5202449999997,1405.7593697700001
278138,484.57574699999986,1172.12979677
278143,678.7167479999994,844.58805057
278292,627.775999,1047.73455077
278384,554.124245,496.45107937000006
278459,606.0217499999999,828.31305117
278539,280.07299699999976,862.65329997
278698,262.44174799999973,2040.0310507699999
278710,637.3239989999997,1629.6150507700002
278897,1067.161498,825.05805127
278909,1283.0567469999996,1209.65105177
278943,925.8057459999995,746.57804717
279089,689.5667469999999,1121.6772977700002
279223,753.0934949999996,1650.88105077
279349,519.4584959999997,976.68679617
279358,795.6057499999997,299.65182927
279419,1236.7272489999996,864.17229997
279519,468.4092479999995,528.67557827
279677,409.22249999999985,1195.11747777
279862,798.915,483.4310798700001
279900,1052.405498,1786.2890457700003
279919,929.2234959999996,941.20729737
279958,1058.5357479999998,1192.36504577
280296,315.6067459999995,1981.1352957700003
280301,909.0967469999996,841.17030077
